,Rank,Name,Team,Position,Played,RushingAttempts,RushingYards,RushingYardsPerAttempt,RushingTouchdowns,ReceivingTargets,Receptions,ReceivingYards,ReceivingTouchdowns,Fumbles,FumblesLost,FantasyPointsPerGame,FantasyPoints
0,1,Adrian Peterson,MIN,RB,16,348,2097,6.0,12,51,40,217,1,4,2,19.2,307.4
1,2,Doug Martin,TB,RB,16,319,1454,4.6,11,70,49,472,1,1,1,16.4,262.6
2,3,Arian Foster,HOU,RB,16,351,1424,4.1,15,58,40,217,2,3,2,16.4,262.1
3,4,Marshawn Lynch,SEA,RB,16,315,1590,5.0,11,30,23,196,1,5,2,15.4,246.6
4,5,Alfred Morris,WAS,RB,16,335,1613,4.8,13,16,11,77,0,4,3,15.1,241.0
5,6,Ray Rice,BAL,RB,16,257,1143,4.4,9,83,61,478,1,1,0,13.9,222.1
6,7,CJ Spiller,BUF,RB,16,207,1244,6.0,6,57,43,459,2,3,3,13.3,212.3
7,8,Jamaal Charles,KC,RB,16,285,1509,5.3,5,48,35,236,1,5,3,12.8,204.5
8,9,Trent Richardson,CLE,RB,15,267,950,3.6,11,70,51,367,1,3,0,13.6,203.7
9,10,Frank Gore,SF,RB,16,258,1214,4.7,9,36,28,234,1,2,1,12.7,202.8
10,11,Stevan Ridley,NE,RB,16,290,1263,4.4,12,14,6,51,0,4,2,12.5,199.4
11,12,Matt Forte,CHI,RB,15,248,1094,4.4,5,60,44,340,1,2,1,11.8,177.4
12,13,Chris Johnson,TEN,RB,16,276,1243,4.5,6,49,36,232,0,5,4,11.0,175.5
13,14,Reggie Bush,MIA,RB,16,227,986,4.3,6,51,35,292,2,4,2,10.7,171.8
14,15,Shonn Greene,NYJ,RB,16,276,1063,3.9,8,31,19,151,0,4,1,10.5,167.4
15,16,Steven Jackson,LAR,RB,16,257,1042,4.1,4,53,38,321,0,0,0,10.1,162.3
16,17,Michael Turner,ATL,RB,16,222,800,3.6,10,30,19,128,1,3,1,9.8,156.8
17,18,Ahmad Bradshaw,NYG,RB,14,221,1015,4.6,6,31,23,245,0,3,3,11.1,156.0
18,19,BenJarvus Green-Ellis,CIN,RB,15,278,1094,3.9,6,29,22,104,0,3,2,10.1,151.8
19,20,Mikel Leshoure,DET,RB,14,215,798,3.7,9,48,34,214,0,3,3,10.7,149.2
20,21,LeSean McCoy,PHI,RB,12,200,840,4.2,2,67,54,373,3,4,3,12.1,145.3
21,22,Darren Sproles,NO,RB,13,48,244,5.1,1,104,75,667,7,0,0,10.9,141.1
22,23,DeAngelo Williams,CAR,RB,16,173,737,4.3,5,20,13,187,2,2,2,8.2,130.4
23,24,Danny Woodhead,NE,RB,16,76,301,4.0,4,55,40,446,3,1,0,7.3,116.7
24,25,Vick Ballard,IND,RB,16,211,814,3.9,2,27,17,152,1,3,0,7.2,114.6
25,26,Willis McGahee,DEN,RB,10,167,731,4.4,4,33,26,221,0,5,4,11.3,113.2
26,27,DeMarco Murray,DAL,RB,10,161,663,4.1,4,42,35,251,0,3,2,11.1,111.4
27,28,Darren McFadden,OAK,RB,12,216,707,3.3,2,63,42,258,1,2,2,9.2,110.5
28,29,Joique Bell,DET,RB,16,82,414,5.0,3,69,52,485,0,2,2,6.5,103.9
29,30,Ryan Mathews,LAC,RB,12,184,707,3.8,1,57,39,252,0,2,2,8.2,97.9
30,31,Andre Brown,NYG,RB,10,73,385,5.3,8,17,12,86,0,0,0,9.7,97.1
31,32,Pierre Thomas,NO,RB,15,105,473,4.5,1,53,39,354,1,0,0,6.3,94.7
32,33,Mark Ingram,NO,RB,16,156,602,3.9,5,10,6,29,0,0,0,5.8,93.1
33,34,Felix Jones,DAL,RB,16,111,402,3.6,3,36,25,262,2,2,2,5.8,92.4
34,35,Knowshon Moreno,DEN,RB,8,138,525,3.8,4,26,21,167,0,1,1,11.4,91.2
35,36,Jacquizz Rodgers,ATL,RB,16,94,362,3.9,1,59,53,402,1,0,0,5.5,88.4
36,37,Mike Tolbert,CAR,FB,16,54,183,3.4,7,39,27,268,0,0,0,5.4,87.1
37,38,Marcel Reece,OAK,FB,16,59,271,4.6,0,73,52,496,1,2,0,5.2,82.7
38,39,Bilal Powell,NYJ,RB,14,110,437,4.0,4,36,17,140,0,0,0,5.8,81.7
39,40,Fred Jackson,BUF,RB,10,115,437,3.8,3,42,34,217,1,5,4,8.1,81.4
40,41,Jonathan Dwyer,PIT,RB,13,156,623,4.0,2,25,18,106,0,2,2,6.2,80.9
41,42,Bryce Brown,PHI,RB,16,115,564,4.9,4,19,13,56,0,4,3,5.0,80.0
42,43,Michael Bush,CHI,RB,13,114,411,3.6,5,11,9,83,0,1,1,6.0,77.4
43,44,Isaac Redman,PIT,RB,14,110,410,3.7,2,23,19,244,0,3,3,5.1,71.4
44,45,LaRod Stephens-Howling,ARI,RB,14,110,356,3.2,4,30,17,106,0,0,0,5.0,70.2
45,46,Daniel Thomas,MIA,RB,12,91,325,3.6,4,22,15,156,0,3,2,5.7,68.1
46,47,David Wilson,NYG,RB,16,71,358,5.0,4,9,4,34,1,1,1,4.2,67.2
47,48,Jackie Battle,LAC,FB,16,95,311,3.3,3,15,15,108,1,0,0,4.1,65.9
48,49,Bernard Pierce,BAL,RB,16,108,532,4.9,1,11,7,47,0,0,0,4.0,63.9
49,50,Shane Vereen,NE,RB,13,62,251,4.0,3,13,8,149,1,1,1,4.8,62.0
50,50,Maurice Jones-Drew,JAX,RB,6,86,414,4.8,1,18,14,86,1,2,0,10.3,62.0
51,52,Daryl Richardson,LAR,RB,16,98,475,4.8,0,36,24,163,0,3,2,3.9,61.8
52,53,Jonathan Stewart,CAR,RB,9,93,336,3.6,1,23,17,157,1,2,0,6.8,61.3
53,54,Ronnie Brown,LAC,RB,14,46,220,4.8,0,60,49,371,0,0,0,4.2,59.1
54,55,Donald Brown,IND,RB,10,108,417,3.9,1,13,9,93,0,0,0,5.9,59.0
55,56,Alex Green,GB,RB,12,135,464,3.4,0,29,18,125,0,1,0,4.9,58.9
56,57,Dexter McCluster,KC,RB,16,12,70,5.8,0,76,52,452,1,2,2,3.4,54.2
57,58,Chris Wells,ARI,RB,8,88,234,2.7,5,1,1,24,0,1,1,6.7,53.8
58,59,Robert Turbin,SEA,RB,16,80,354,4.4,0,23,19,181,0,0,0,3.3,53.5
59,60,Rashad Jennings,JAX,RB,10,101,283,2.8,2,26,19,130,0,3,1,5.3,53.3
60,61,Kendall Hunter,SF,RB,11,72,371,5.2,2,12,9,60,0,1,1,4.8,53.1
61,62,Shaun Draughn,KC,RB,16,59,233,3.9,2,30,24,158,0,2,1,3.1,49.1
62,63,Mike Goodson,OAK,RB,12,35,221,6.3,0,16,16,195,1,0,0,4.0,47.6
63,64,Justin Forsett,HOU,RB,16,63,374,5.9,1,5,3,38,0,0,0,3.0,47.2
64,65,Ronnie Hillman,DEN,RB,14,85,330,3.9,1,12,10,62,0,2,1,3.1,43.2
65,66,Ben Tate,HOU,RB,11,65,279,4.3,2,11,11,49,0,1,1,3.9,42.8
66,67,Cedric Benson,GB,RB,5,71,248,3.5,1,15,14,97,0,1,0,8.1,40.5
67,67,Brandon Bolden,NE,RB,10,56,274,4.9,2,2,2,11,0,0,0,4.0,40.5
68,69,Cedric Peerman,CIN,RB,14,36,258,7.2,1,9,9,85,0,0,0,2.9,40.3
69,70,Montell Owens,JAX,FB,13,42,209,5.0,1,10,8,113,0,0,0,3.1,40.2
70,71,Peyton Hillis,KC,RB,13,85,309,3.6,1,14,10,62,0,2,2,3.0,39.1
71,72,Lamar Miller,MIA,RB,13,51,250,4.9,1,9,6,45,0,0,0,2.7,35.5
72,73,Chris Ivory,NO,RB,6,40,217,5.4,2,3,2,15,0,0,0,5.9,35.2
73,74,William Powell,ARI,RB,13,60,217,3.6,0,25,19,132,0,2,0,2.7,34.9
74,75,Montario Hardesty,CLE,RB,13,65,271,4.2,1,5,2,16,0,2,0,2.7,34.7
75,76,James Starks,GB,RB,6,71,255,3.6,1,6,4,31,0,1,0,5.8,34.6
76,77,Toby Gerhart,MIN,RB,16,50,169,3.4,1,27,20,155,0,2,2,2.2,34.4
77,78,Kevin Smith,DET,RB,12,37,134,3.6,1,16,10,79,1,0,0,2.8,33.3
78,79,Lance Ball,DEN,RB,15,42,158,3.8,1,11,7,61,1,1,1,2.1,31.9
79,80,Evan Royster,WAS,RB,16,23,88,3.8,2,23,15,109,0,0,0,2.0,31.7
80,81,Delone Carter,IND,RB,10,32,122,3.8,3,2,1,13,0,1,0,3.2,31.5
81,82,Jason Snelling,ATL,RB,16,18,63,3.5,0,35,31,203,1,1,1,1.9,30.6
82,83,Michael Robinson,SEA,RB,16,12,49,4.1,0,15,13,126,2,0,0,1.8,29.5
83,84,DuJuan Harris,GB,RB,4,34,157,4.6,2,2,2,17,0,0,0,7.4,29.4
84,85,Darrel Young,WAS,FB,16,14,60,4.3,0,9,8,109,2,0,0,1.8,28.9
85,86,Rashard Mendenhall,PIT,RB,6,51,182,3.6,0,11,9,62,1,3,1,4.7,28.4
86,87,LeGarrette Blount,TB,RB,13,41,151,3.7,2,2,1,2,0,0,0,2.1,27.3
87,88,Jorvorskie Lane,MIA,FB,16,13,13,1.0,2,12,11,79,1,3,1,1.7,27.2
88,89,John Kuhn,GB,FB,14,23,63,2.7,1,18,15,148,0,0,0,1.9,27.1
89,90,Ryan Grant,GB,RB,5,32,132,4.1,2,2,1,34,0,1,1,5.3,26.6
90,91,Chris Rainey,PIT,RB,16,26,102,3.9,2,22,14,60,0,4,1,1.6,26.2
91,91,Tashard Choice,BUF,RB,12,47,193,4.1,1,9,4,9,0,0,0,2.2,26.2
92,93,Vonta Leach,BAL,RB,16,9,32,3.6,1,24,21,143,0,0,0,1.5,23.5
93,94,Jamie Harper,TEN,RB,10,19,30,1.6,3,1,1,8,0,0,0,2.2,21.8
94,95,Jacob Hester,DEN,RB,3,17,81,4.8,2,1,1,7,0,0,0,6.9,20.8
95,96,Will Johnson,PIT,FB,16,2,7,3.5,0,26,15,137,1,0,0,1.3,20.4
96,97,Jalen Parmele,JAX,RB,11,40,143,3.6,0,9,7,60,0,0,0,1.8,20.3
97,98,Armando Allen,CHI,RB,15,27,124,4.6,1,3,2,16,0,0,0,1.3,20.0
98,99,Anthony Dixon,SF,RB,16,21,78,3.7,2,0,0,0,0,0,0,1.2,19.8
99,100,Chris Ogbonnaya,CLE,RB,15,8,30,3.8,0,32,24,187,0,1,1,1.3,19.7
100,101,Curtis Brinkley,LAC,RB,10,39,115,2.9,0,15,12,77,0,1,0,1.9,19.2
101,102,Joe McKnight,NYJ,RB,15,30,179,6.0,0,2,1,18,0,3,1,1.2,17.7
102,103,Brian Leonard,CIN,RB,15,33,106,3.2,0,15,11,67,0,0,0,1.2,17.3
103,104,Jed Collins,NO,FB,15,0,0,0.0,0,16,14,70,2,1,1,1.1,17.0
104,105,Ryan Williams,ARI,RB,5,58,164,2.8,0,10,7,44,0,2,2,3.4,16.8
105,106,Jeremy Stewart,OAK,RB,4,25,101,4.0,0,8,8,62,0,0,0,4.1,16.3
106,107,Leon Washington,SEA,RB,16,23,83,3.6,1,8,4,31,0,2,1,1.0,15.4
107,107,LaMichael James,SF,RB,4,27,125,4.6,0,5,3,29,0,1,0,3.8,15.4
108,109,Dion Lewis,PHI,RB,9,13,69,5.3,1,2,2,24,0,0,0,1.7,15.3
109,110,DJ Ware,TB,RB,16,11,51,4.6,0,20,14,100,0,0,0,0.9,15.1
110,111,Erik Lorig,TB,FB,16,0,0,0.0,0,19,12,83,1,0,0,0.9,14.3
111,112,Baron Batch,PIT,RB,12,25,49,2.0,1,5,4,31,0,0,0,1.2,14.0
112,113,Mewelde Moore,IND,RB,9,13,20,1.5,0,8,6,77,1,1,1,1.5,13.7
113,114,Anthony Allen,BAL,RB,16,16,61,3.8,1,4,2,12,0,0,0,0.8,13.3
114,115,Henry Hynoski,NYG,FB,16,5,20,4.0,0,15,11,50,1,0,0,0.8,13.0
115,116,Stanley Havili,PHI,FB,15,6,22,3.7,1,12,7,43,0,0,0,0.8,12.5
116,117,Keith Toston,JAX,RB,5,17,74,4.4,0,4,3,41,0,0,0,2.3,11.5
117,117,Lawrence Vickers,DAL,FB,16,3,11,3.7,0,15,13,104,0,0,0,0.7,11.5
118,119,Lance Dunbar,DAL,RB,12,21,75,3.6,0,12,6,33,0,1,0,0.9,10.8
119,120,Phillip Tanner,DAL,RB,14,25,61,2.4,0,5,4,41,0,0,0,0.7,10.2
120,120,Bruce Miller,SF,FB,16,5,18,3.6,0,13,12,84,0,0,0,0.6,10.2
121,122,Richard Murphy,JAX,RB,5,23,92,4.0,0,1,0,0,0,0,0,1.8,9.2
122,123,Brandon Jackson,CLE,RB,2,8,54,6.8,0,4,2,20,0,0,0,3.7,7.4
123,124,Greg Jones,JAX,RB,14,5,8,1.6,0,14,11,64,0,0,0,0.5,7.2
124,125,LeRon McClain,LAC,RB,16,14,42,3.0,0,10,8,29,0,0,0,0.4,7.1
125,126,Kahlil Bell,CHI,RB,7,29,76,2.6,0,2,2,13,0,1,1,1.0,6.9
126,127,Darius Reynaud,TEN,RB,16,16,33,2.1,0,9,5,35,0,1,0,0.4,6.8
127,128,Cyrus Gray,KC,RB,10,7,44,6.3,0,3,2,18,0,0,0,0.6,6.2
128,129,Chris Pressley,CIN,FB,14,0,0,0.0,0,3,1,1,1,0,0,0.4,6.1
129,130,Lex Hilliard,NYJ,RB,14,9,33,3.7,0,9,4,23,0,0,0,0.4,5.6
130,131,Isaiah Pead,LAR,RB,15,10,54,5.4,0,4,3,16,0,2,1,0.3,5.0
131,132,Roy Helu,WAS,RB,3,2,2,1.0,0,7,7,45,0,0,0,1.6,4.7
132,133,Quinn Johnson,TEN,FB,16,4,5,1.2,0,8,5,40,0,0,0,0.3,4.5
133,134,Anthony Sherman,ARI,FB,13,0,0,0.0,0,8,5,39,0,0,0,0.3,3.9
134,135,Nate Eachus,KC,RB,11,5,18,3.6,0,3,1,19,0,0,0,0.3,3.7
135,136,Bernard Scott,CIN,RB,2,8,35,4.4,0,0,0,0,0,0,0,1.8,3.5
136,136,Jerome Felton,MIN,FB,16,0,0,0.0,0,4,3,35,0,0,0,0.2,3.5
137,138,Johnny White,GB,RB,7,8,34,4.2,0,0,0,0,0,0,0,0.5,3.4
138,139,Taiwan Jones,OAK,RB,14,6,21,3.5,0,2,2,11,0,1,0,0.2,3.2
139,140,Travaris Cadet,NO,RB,13,1,5,5.0,0,8,5,44,0,1,1,0.2,2.9
140,141,Javon Ringer,TEN,RB,2,2,14,7.0,0,5,3,12,0,0,0,1.3,2.6
141,142,Nick Bellore,NYJ,RB,16,0,0,0.0,0,1,1,23,0,1,0,0.1,2.3
142,143,Kregg Lumpkin,NYG,RB,5,9,42,4.7,0,2,0,0,0,1,1,0.4,2.2
143,143,Mike Cox,ATL,FB,8,0,0,0.0,0,3,3,22,0,0,0,0.3,2.2
144,145,Alfonso Smith,ARI,RB,11,0,0,0.0,0,3,2,21,0,0,0,0.2,2.1
145,146,Collin Mooney,TEN,FB,2,5,19,3.8,0,0,0,0,0,0,0,1.0,1.9
146,147,Jonathan Grimes,JAX,RB,9,2,6,3.0,0,2,2,7,0,0,0,0.1,1.3
147,148,Keiland Williams,WAS,RB,14,2,3,1.5,0,2,2,9,0,0,0,0.1,1.2
148,149,Chris Gronkowski,DEN,RB,14,0,0,0.0,0,1,1,11,0,0,0,0.1,1.1
149,149,Tyler Thigpen,BUF,RB,4,1,-1,-1.0,0,0,0,0,0,0,0,0.3,1.1
150,149,Matt Asiata,MIN,RB,16,3,9,3.0,0,1,1,2,0,0,0,0.1,1.1
151,152,Da'Rel Scott,NYG,RB,4,6,9,1.5,0,0,0,0,0,0,0,0.2,0.9
152,152,Corey McIntyre,BUF,FB,16,0,0,0.0,0,2,1,9,0,0,0,0.1,0.9
153,154,Lousaka Polite,ATL,FB,6,0,0,0.0,0,7,1,8,0,0,0,0.1,0.8
154,154,Jordan Todman,JAX,RB,1,3,8,2.7,0,1,1,0,0,0,0,0.8,0.8
155,154,Robert Hughes,IND,FB,5,1,5,5.0,0,1,1,3,0,0,0,0.2,0.8
156,157,Reagan Maui'a,ARI,FB,3,0,0,0.0,0,1,1,7,0,0,0,0.2,0.7
157,157,Brandon Jacobs,SF,RB,2,5,7,1.4,0,0,0,0,0,0,0,0.4,0.7
158,159,Will Ta'ufo'ou,JAX,FB,6,0,0,0.0,0,1,1,5,0,0,0,0.1,0.5
159,159,Dan Herron,CIN,RB,3,4,5,1.2,0,1,0,0,0,0,0,0.2,0.5
160,161,Brad Smelley,CLE,FB,2,0,0,0.0,0,1,1,3,0,0,0,0.2,0.3
161,161,Marcus Thigpen,MIA,RB,16,1,8,8.0,0,2,1,15,0,1,1,0.0,0.3
162,163,Owen Schmitt,OAK,FB,13,2,1,0.5,0,0,0,0,0,0,0,0.0,0.1
163,164,Richie Brockel,CAR,FB,16,0,0,0.0,0,1,0,0,0,0,0,0.0,0.0
164,164,John Conner,CIN,FB,5,0,0,0.0,0,2,0,0,0,0,0,0.0,0.0
165,164,Brandon Saine,GB,RB,6,0,0,0.0,0,0,0,0,0,0,0,0.0,0.0
166,164,Owen Marecic,CLE,FB,10,0,0,0.0,0,5,0,0,0,0,0,0.0,0.0
167,164,Terrance Ganaway,LAR,RB,3,0,0,0.0,0,0,0,0,0,0,0,0.0,0.0
168,164,Will Tukuafu,SF,FB,14,0,0,0.0,0,0,0,0,0,0,0,0.0,0.0
169,164,Michael Smith,TB,RB,1,0,0,0.0,0,0,0,0,0,0,0,0.0,0.0
170,164,John Griffin,NYJ,RB,1,0,0,0.0,0,0,0,0,0,0,0,0.0,0.0
171,164,Antone Smith,ATL,RB,13,0,0,0.0,0,1,0,0,0,0,0,0.0,0.0
172,164,Darren Evans,TEN,RB,1,0,0,0.0,0,0,0,0,0,0,0,0.0,0.0
173,164,Emil Igwenagu,PHI,RB,3,0,0,0.0,0,0,0,0,0,0,0,0.0,0.0
174,164,Armond Smith,CAR,RB,4,3,0,0.0,0,0,0,0,0,0,0,0.0,0.0
175,164,Chris Polk,PHI,RB,7,0,0,0.0,0,0,0,0,0,0,0,0.0,0.0
176,164,Deji Karim,IND,RB,3,0,0,0.0,0,0,0,0,0,0,0,0.0,0.0
177,164,Jamize Olawale,OAK,FB,3,0,0,0.0,0,0,0,0,0,0,0,0.0,0.0
178,164,James Develin,NE,RB,1,0,0,0.0,0,0,0,0,0,0,0,0.0,0.0
179,164,Patrick DiMarco,KC,FB,5,0,0,0.0,0,1,0,0,0,0,0,0.0,0.0
180,164,Tyler Clutts,HOU,FB,16,0,0,0.0,0,0,0,0,0,0,0,0.0,0.0
181,164,Ryan Torain,NYG,RB,2,0,0,0.0,0,0,0,0,0,0,0,0.0,0.0
182,183,Brit Miller,LAR,FB,9,0,0,0.0,0,3,0,0,0,1,1,-0.2,-2.0
0,1,Jamaal Charles,KC,RB,15,259,1287,5.0,12,104,70,693,7,4,2,20.5,308.0
1,2,LeSean McCoy,PHI,RB,16,314,1607,5.1,9,64,52,539,2,1,1,17.4,278.6
2,3,Matt Forte,CHI,RB,16,288,1341,4.7,9,95,75,592,3,2,2,16.5,263.3
3,4,Marshawn Lynch,SEA,RB,16,301,1257,4.2,12,44,36,316,2,4,1,15.0,239.3
4,5,Knowshon Moreno,DEN,RB,16,241,1038,4.3,10,74,60,548,3,1,0,14.8,236.6
5,6,Eddie Lacy,GB,RB,15,284,1178,4.1,11,44,35,257,0,1,1,13.8,207.5
6,7,DeMarco Murray,DAL,RB,14,217,1121,5.2,9,66,53,350,1,3,1,14.6,205.1
7,8,Adrian Peterson,MIN,RB,14,279,1266,4.5,10,40,29,171,1,5,3,14.6,203.7
8,9,Chris Johnson,TEN,RB,16,279,1077,3.9,6,52,42,345,4,3,2,12.4,198.2
9,10,Fred Jackson,BUF,RB,16,207,896,4.3,9,65,46,375,1,3,0,11.7,187.1
10,11,Reggie Bush,DET,RB,14,223,1006,4.5,4,80,54,506,3,5,4,13.2,185.2
11,12,Ryan Mathews,LAC,RB,16,285,1255,4.4,6,33,26,189,1,2,1,11.5,184.4
12,13,Frank Gore,SF,RB,16,276,1128,4.1,9,26,16,141,0,3,3,10.9,174.9
13,14,Le'Veon Bell,PIT,RB,13,244,860,3.5,8,66,45,399,0,1,1,13.2,171.9
14,15,Alfred Morris,WAS,RB,16,276,1275,4.6,7,12,9,78,0,5,4,10.6,169.3
15,16,Giovani Bernard,CIN,RB,16,170,695,4.1,5,71,56,514,3,1,1,10.4,166.9
16,17,Joique Bell,DET,RB,16,166,650,3.9,8,69,53,547,0,4,3,10.2,163.7
17,18,Zac Stacy,LAR,RB,14,250,973,3.9,7,35,26,141,1,1,1,11.2,157.4
18,19,Danny Woodhead,LAC,RB,16,106,429,4.0,2,87,76,605,6,2,2,9.2,147.4
19,20,Maurice Jones-Drew,JAX,RB,15,234,803,3.4,5,60,43,314,0,1,1,9.6,144.02
20,21,Rashad Jennings,OAK,RB,15,163,733,4.5,6,47,36,292,0,0,0,9.2,138.5
21,22,DeAngelo Williams,CAR,RB,15,201,843,4.2,3,36,26,333,1,3,2,9.2,137.6
22,23,Pierre Thomas,NO,RB,16,147,549,3.7,2,84,77,513,3,2,1,8.4,134.2
23,24,Andre Ellington,ARI,RB,15,118,652,5.5,3,57,39,371,1,1,0,8.4,126.3
24,25,Rashard Mendenhall,ARI,RB,15,217,687,3.2,8,21,18,134,0,4,3,8.4,126.1
25,26,Donald Brown,IND,RB,16,102,537,5.3,6,35,27,214,2,0,0,7.7,123.1
26,27,CJ Spiller,BUF,RB,15,201,927,4.6,2,41,34,197,0,4,1,8.2,122.4
27,28,Ray Rice,BAL,RB,15,214,660,3.1,4,73,58,321,0,2,2,8.0,120.1
28,29,LeGarrette Blount,NE,RB,16,153,772,5.0,7,5,2,38,0,3,2,7.4,119.0
29,30,Stevan Ridley,NE,RB,14,178,773,4.3,7,12,10,62,0,4,4,8.4,117.5
30,31,BenJarvus Green-Ellis,CIN,RB,16,220,756,3.4,7,8,4,22,0,2,2,7.2,115.8
31,32,Steven Jackson,ATL,RB,12,156,542,3.5,6,49,33,191,1,0,0,9.6,115.3
32,33,Ben Tate,HOU,RB,14,181,771,4.3,4,49,34,140,0,5,2,7.9,111.1
33,34,Trent Richardson,IND,RB,16,188,563,3.0,3,52,35,316,1,2,1,6.9,109.9
34,35,Bilal Powell,NYJ,RB,16,176,697,4.0,1,57,36,272,0,1,0,6.5,104.1
35,36,Darren Sproles,NO,RB,15,53,220,4.2,2,89,71,604,2,2,2,6.8,102.4
36,37,Chris Ivory,NYJ,RB,15,182,833,4.6,3,7,2,10,0,2,0,6.8,102.3
37,38,Lamar Miller,MIA,RB,16,177,709,4.0,2,35,26,170,0,1,1,6.1,97.9
38,39,Mike Tolbert,CAR,FB,16,101,361,3.6,5,33,27,184,2,0,0,6.0,96.5
39,40,Bobby Rainey,TB,RB,16,150,566,3.8,5,19,15,46,1,1,1,6.0,95.2
40,41,Jacquizz Rodgers,ATL,RB,15,97,333,3.4,2,62,52,341,2,1,1,6.0,89.4
41,42,Montee Ball,DEN,RB,16,120,561,4.7,4,27,20,145,0,3,3,5.5,88.6
42,43,Shane Vereen,NE,RB,8,44,208,4.7,1,69,47,427,3,1,0,10.9,87.5
43,44,Arian Foster,HOU,RB,8,121,542,4.5,1,35,22,183,1,0,0,10.8,86.5
44,45,Daniel Thomas,MIA,RB,15,109,406,3.7,4,17,15,63,2,0,0,5.5,82.9
45,46,James Starks,GB,RB,13,89,493,5.5,3,13,10,89,1,1,0,6.3,82.2
46,47,Darren McFadden,OAK,RB,10,114,379,3.3,5,25,17,108,0,1,1,8.1,81.34
47,48,Marcel Reece,OAK,FB,16,46,218,4.7,2,54,32,331,2,0,0,5.0,79.78
48,49,Roy Helu,WAS,RB,16,62,274,4.4,4,42,31,251,0,2,0,4.8,76.5
49,50,Andre Brown,NYG,RB,8,139,492,3.5,3,29,20,103,0,3,3,9.2,73.5
50,51,Chris Ogbonnaya,CLE,RB,16,48,239,5.0,0,75,48,343,2,2,2,4.1,66.2
51,52,Bernard Pierce,BAL,RB,16,152,436,2.9,2,25,20,104,0,0,0,4.1,66.0
52,53,Dexter McCluster,KC,RB,15,8,5,0.6,0,83,53,511,2,2,0,4.2,63.6
53,54,Jason Snelling,ATL,RB,14,44,164,3.7,1,34,29,216,3,0,0,4.4,62.0
54,55,Brandon Bolden,NE,RB,12,55,271,4.9,3,29,21,152,0,0,0,5.0,60.3
55,56,Shonn Greene,TEN,RB,11,77,295,3.8,4,7,6,39,0,0,0,5.2,57.4
56,57,Doug Martin,TB,RB,6,127,456,3.6,1,24,12,66,0,2,1,9.4,56.2
57,58,Jordan Todman,JAX,RB,16,76,256,3.4,2,26,14,116,1,0,0,3.4,55.2
58,59,Bryce Brown,PHI,RB,16,75,314,4.2,2,13,8,84,0,0,0,3.4,53.8
59,60,Knile Davis,KC,RB,16,70,242,3.5,4,15,11,75,0,3,1,3.4,53.7
60,61,Kendall Hunter,SF,RB,16,78,358,4.6,3,4,2,13,0,1,1,3.3,53.1
61,62,Mark Ingram,NO,RB,11,78,386,4.9,1,11,7,68,0,0,0,4.7,51.4
62,63,Willis McGahee,CLE,RB,12,138,377,2.7,2,11,8,20,0,1,1,4.1,49.7
63,64,Michael Bush,CHI,RB,15,63,197,3.1,3,8,4,48,1,0,0,3.2,48.5
64,65,Toby Gerhart,MIN,RB,14,36,283,7.9,2,19,13,88,0,1,1,3.4,47.1
65,65,Brandon Jacobs,NYG,RB,7,58,238,4.1,4,7,2,13,0,1,1,6.7,47.1
66,67,Peyton Hillis,NYG,RB,7,73,247,3.4,2,21,13,96,0,2,1,6.3,44.3
67,68,Benjamin Cunningham,LAR,RB,14,47,261,5.6,1,10,6,59,0,2,1,2.7,38.0
68,69,Mike James,TB,RB,9,60,295,4.9,0,11,10,43,0,0,0,4.2,37.88
69,70,Ronnie Hillman,DEN,RB,10,55,218,4.0,1,14,12,119,0,2,1,3.8,37.7
70,71,Brian Leonard,TB,RB,16,47,182,3.9,0,37,29,179,0,0,0,2.3,36.1
71,72,Fozzy Whittaker,CLE,RB,14,29,80,2.8,0,36,21,155,2,1,0,2.5,35.5
72,73,Darrel Young,WAS,FB,13,12,41,3.4,3,9,4,71,1,0,0,2.7,35.2
73,74,Ahmad Bradshaw,IND,RB,3,41,186,4.5,2,8,7,42,0,0,0,11.6,34.8
74,74,Edwin Baker,CLE,RB,3,43,171,4.0,2,9,8,57,0,0,0,11.6,34.8
75,76,Joseph Randle,DAL,RB,13,54,164,3.0,2,10,8,61,0,0,0,2.7,34.5
76,77,Chris Polk,PHI,RB,15,11,98,8.9,3,5,4,61,0,0,0,2.3,33.9
77,77,Matt Asiata,MIN,RB,11,44,166,3.8,3,8,5,13,0,1,1,3.1,33.9
78,79,Daryl Richardson,LAR,RB,8,69,215,3.1,0,18,14,121,0,0,0,4.2,33.6
79,80,Robert Turbin,SEA,RB,16,77,264,3.4,0,12,8,60,0,1,1,1.9,30.4
80,81,Khiry Robinson,NO,RB,10,54,224,4.1,1,0,0,0,0,0,0,2.8,28.4
81,82,Ronnie Brown,LAC,RB,16,45,157,3.5,1,8,8,60,0,0,0,1.7,27.7
82,83,Antone Smith,ATL,RB,15,5,145,29.0,2,3,2,10,0,0,0,1.8,27.5
83,84,Jonathan Dwyer,PIT,RB,15,49,197,4.0,0,11,8,64,0,0,0,1.7,26.1
84,85,Bruce Miller,SF,FB,14,7,13,1.9,0,36,25,243,0,1,0,1.8,25.6
85,86,Frank Summers,BUF,FB,15,12,46,3.8,1,8,7,79,1,0,0,1.6,24.5
86,87,Jackie Battle,TEN,FB,16,36,142,3.9,1,5,4,36,0,0,0,1.5,23.8
87,88,Da'Rel Scott,NYG,RB,5,20,73,3.6,0,19,11,102,1,0,0,4.7,23.5
88,89,Dennis Johnson,HOU,RB,8,49,183,3.7,0,12,8,46,0,0,0,2.9,22.9
89,90,Felix Jones,PIT,RB,16,48,184,3.8,0,13,9,63,0,1,1,1.4,22.7
90,91,Jonathan Stewart,CAR,RB,6,48,180,3.8,0,7,7,44,0,1,0,3.7,22.4
91,92,Anthony Dixon,SF,RB,16,28,56,2.0,2,3,3,30,0,0,0,1.3,20.6
92,93,Anthony Sherman,KC,FB,16,2,3,1.5,0,24,18,155,1,1,1,1.2,19.8
93,94,Stanley Havili,IND,FB,13,7,7,1.0,0,21,18,128,1,0,0,1.5,19.5
94,95,Jonathan Grimes,HOU,RB,2,21,73,3.5,1,6,6,76,0,1,1,9.4,18.9
95,95,Lance Dunbar,DAL,RB,9,30,150,5.0,0,7,7,59,0,1,1,2.1,18.9
96,97,Stepfan Taylor,ARI,RB,16,36,115,3.2,0,9,8,71,0,0,0,1.2,18.6
97,98,Tashard Choice,IND,RB,15,46,170,3.7,0,9,5,15,0,0,0,1.2,18.5
98,99,Johnathan Franklin,GB,RB,11,19,107,5.6,1,5,4,30,0,2,1,1.6,17.7
99,100,Marcus Thigpen,MIA,RB,16,6,18,3.0,0,11,8,97,1,3,0,1.1,17.5
100,101,David Wilson,NYG,RB,5,44,146,3.3,1,6,2,8,0,2,2,3.5,17.4
101,102,Alfonso Smith,ARI,RB,16,18,54,3.0,1,13,10,68,0,2,1,1.0,16.2
102,103,John Kuhn,GB,FB,15,10,38,3.8,1,19,13,81,0,1,1,1.1,15.9
103,103,Jed Collins,NO,FB,16,15,45,3.0,1,18,14,54,0,0,0,1.0,15.9
104,105,James Develin,NE,RB,16,4,10,2.5,1,4,4,62,0,0,0,0.8,13.2
105,106,Tommy Bohanon,NYJ,FB,16,17,62,3.6,0,16,11,69,0,0,0,0.8,13.1
106,107,Vonta Leach,BAL,RB,16,11,23,2.1,0,20,11,47,1,1,0,0.8,13.0
107,108,Derrick Coleman,SEA,FB,12,2,3,1.5,0,8,8,62,1,1,0,1.0,12.5
108,109,Isaiah Pead,LAR,RB,10,7,21,3.0,0,15,11,78,0,0,0,1.2,11.9
109,110,Justin Forsett,JAX,RB,9,6,31,5.2,0,16,15,82,0,1,0,1.3,11.3
110,111,Theo Riddick,DET,RB,14,9,25,2.8,1,8,4,26,0,0,0,0.8,11.1
111,112,Phillip Tanner,DAL,RB,16,9,12,1.3,1,4,3,33,0,1,0,0.7,10.5
112,113,Will Johnson,PIT,FB,16,0,0,0.0,0,11,8,41,1,0,0,0.6,10.1
113,114,Dan Herron,IND,RB,6,5,33,6.6,0,1,1,57,0,0,0,1.5,9.0
114,115,Taiwan Jones,OAK,RB,16,5,23,4.6,0,3,2,55,0,2,1,0.6,8.8
115,116,Mike Goodson,NYJ,RB,2,7,61,8.7,0,3,2,19,0,0,0,4.0,8.0
116,117,Christine Michael,SEA,RB,4,18,79,4.4,0,0,0,0,0,0,0,2.0,7.9
117,118,LaMichael James,SF,RB,10,12,59,4.9,0,3,2,16,0,2,0,0.8,7.5
118,119,Cyrus Gray,KC,RB,16,9,24,2.7,0,10,7,46,0,0,0,0.4,7.0
119,120,Jamize Olawale,OAK,FB,16,3,6,2.0,0,11,7,63,0,0,0,0.4,6.9
120,121,Jeremy Stewart,OAK,RB,13,2,2,1.0,1,2,2,6,0,0,0,0.5,6.8
121,122,Travaris Cadet,NO,RB,13,0,0,0.0,0,2,2,5,1,0,0,0.5,6.5
122,123,Vick Ballard,IND,RB,1,13,63,4.8,0,2,1,-5,0,0,0,5.8,5.8
123,124,Tony Fiammetta,CHI,FB,16,0,0,0.0,0,5,4,57,0,0,0,0.4,5.7
124,125,Michael Cox,NYG,RB,14,22,43,2.0,0,3,3,12,0,0,0,0.4,5.5
125,126,Deji Karim,HOU,RB,7,12,51,4.2,0,2,1,-1,0,0,0,0.7,5.0
126,127,Patrick DiMarco,ATL,FB,14,0,0,0.0,0,10,8,49,0,0,0,0.4,4.9
127,128,Erik Lorig,TB,FB,15,0,0,0.0,0,14,11,47,0,0,0,0.3,4.7
128,129,Michael Hill,TB,RB,8,9,23,2.6,0,2,2,23,0,0,0,0.6,4.6
129,130,Alex Green,NYJ,RB,13,11,35,3.2,0,2,2,8,0,0,0,0.3,4.3
130,131,Will Ta'ufo'ou,JAX,FB,16,1,1,1.0,0,15,10,40,0,0,0,0.3,4.1
131,132,CJ Anderson,DEN,RB,5,7,38,5.4,0,1,0,0,0,0,0,0.8,3.8
132,133,Jerome Felton,MIN,FB,13,0,0,0.0,0,8,6,37,0,0,0,0.3,3.7
133,134,Greg Jones,HOU,RB,16,2,2,1.0,0,11,5,34,0,0,0,0.2,3.6
134,135,Jeff Demps,TB,RB,2,1,14,14.0,0,3,3,21,0,0,0,1.8,3.5
135,136,Collin Mooney,TEN,FB,12,0,0,0.0,0,6,6,32,0,0,0,0.3,3.2
136,137,John Conner,NYG,FB,13,0,0,0.0,0,11,6,31,0,0,0,0.2,3.1
137,138,LaRod Stephens-Howling,PIT,RB,1,6,19,3.2,0,3,2,11,0,0,0,3.0,3.0
138,139,Bradie Ewing,ATL,FB,2,0,0,0.0,0,2,2,29,0,0,0,1.4,2.9
139,140,Michael Robinson,SEA,RB,9,1,0,0.0,0,3,2,27,0,0,0,0.3,2.7
140,141,Denard Robinson,JAX,RB,16,20,66,3.3,0,1,0,0,0,3,2,0.2,2.6
141,142,LeRon McClain,LAC,RB,16,11,32,2.9,0,3,2,-7,0,0,0,0.2,2.5
142,143,Bernard Scott,BAL,RB,2,4,14,3.5,0,2,2,10,0,0,0,1.2,2.4
143,144,Mike Gillislee,MIA,RB,3,6,21,3.5,0,0,0,0,0,0,0,0.7,2.1
144,145,Ray Graham,HOU,RB,1,4,8,2.0,0,3,1,12,0,0,0,2.0,2.0
145,146,Cedric Peerman,CIN,RB,16,8,17,2.1,0,0,0,0,0,0,0,0.1,1.7
146,147,Kenjon Barner,CAR,RB,8,6,7,1.2,0,3,2,7,0,1,0,0.2,1.4
147,148,Joe Banyard,MIN,RB,3,0,0,0.0,0,1,1,11,0,0,0,0.4,1.1
148,149,Spencer Ware,SEA,RB,2,3,10,3.3,0,0,0,0,0,0,0,0.5,1.0
149,150,Cierre Wood,HOU,RB,3,3,9,3.0,0,0,0,0,0,0,0,0.3,0.9
150,150,Mikel Leshoure,DET,RB,3,2,9,4.5,0,0,0,0,0,0,0,0.3,0.9
151,152,Zach Line,MIN,FB,3,0,0,0.0,0,3,1,8,0,0,0,0.3,0.8
152,153,Isaac Redman,PIT,RB,3,11,13,1.2,0,5,4,14,0,2,1,0.2,0.7
153,154,Ronnie Wingo,BUF,RB,2,1,4,4.0,0,1,1,2,0,0,0,0.3,0.6
154,154,Robert Hughes,IND,FB,1,0,0,0.0,0,2,1,6,0,0,0,0.6,0.6
155,156,Armond Smith,CAR,RB,5,4,5,1.2,0,0,0,0,0,0,0,0.1,0.5
156,156,Henry Hynoski,NYG,FB,3,0,0,0.0,0,2,1,5,0,0,0,0.2,0.5
157,158,Evan Royster,WAS,RB,10,2,0,0.0,0,1,1,3,0,0,0,0.0,0.3
158,159,Shaun Draughn,BAL,RB,3,4,2,0.5,0,0,0,0,0,0,0,0.1,0.2
159,160,Leon Washington,TEN,RB,7,1,1,1.0,0,1,0,0,0,1,0,0.0,0.1
160,161,Will Tukuafu,SF,FB,2,0,0,0.0,0,0,0,0,0,0,0,0.0,0.0
161,161,Chris Thompson,WAS,RB,4,0,0,0.0,0,0,0,0,0,0,0,0.0,0.0
162,161,Quinn Johnson,TEN,FB,4,0,0,0.0,0,1,0,0,0,0,0,0.0,0.0
163,161,Chris Rainey,IND,RB,2,0,0,0.0,0,1,0,0,0,2,0,0.0,0.0
164,161,Matthew Tucker,PHI,RB,2,0,0,0.0,0,0,0,0,0,0,0,0.0,0.0
165,161,Montell Owens,DET,FB,1,0,0,0.0,0,0,0,0,0,0,0,0.0,0.0
166,161,Chad Spann,HOU,RB,1,0,0,0.0,0,0,0,0,0,0,0,0.0,0.0
167,161,Nick Bellore,NYJ,RB,16,0,0,0.0,0,0,0,0,0,0,0,0.0,0.0
168,161,Rex Burkhead,CIN,RB,1,0,0,0.0,0,0,0,0,0,0,0,0.0,0.0
169,161,Delone Carter,JAX,RB,1,0,0,0.0,0,0,0,0,0,0,0,0.0,0.0
170,161,Michael Ford,CHI,RB,12,0,0,0.0,0,0,0,0,0,0,0,0.0,0.0
171,161,Chase Reynolds,LAR,RB,16,0,0,0.0,0,0,0,0,0,0,0,0.0,0.0
172,161,Spencer Larsen,TB,RB,13,0,0,0.0,0,0,0,0,0,0,0,0.0,0.0
173,161,Kyle Juszczyk,BAL,FB,16,0,0,0.0,0,1,0,0,0,0,0,0.0,0.0
174,161,Kahlil Bell,GB,RB,3,0,0,0.0,0,0,0,0,0,0,0,0.0,0.0
175,161,Brad Smelley,HOU,FB,2,0,0,0.0,0,0,0,0,0,0,0,0.0,0.0
176,161,Kerwynn Williams,IND,RB,1,0,0,0.0,0,0,0,0,0,0,0,0.0,0.0
177,178,Josh Vaughan,ATL,RB,6,1,1,1.0,0,1,1,-5,0,0,0,-0.1,-0.4
178,179,Richie Brockel,CAR,FB,16,1,1,1.0,0,1,1,12,0,1,1,0.0,-0.7
179,180,Darius Reynaud,NYJ,RB,9,1,0,0.0,0,2,1,4,0,1,1,-0.2,-1.6
180,180,Tyler Clutts,DAL,FB,8,0,0,0.0,0,2,1,4,0,1,1,-0.2,-1.6
0,1,DeMarco Murray,DAL,RB,16,393,1845,4.7,13,64,57,416,0,5,5,18.4,294.1
1,2,Le'Veon Bell,PIT,RB,16,290,1361,4.7,8,105,83,854,3,0,0,18.0,287.5
2,3,Marshawn Lynch,SEA,RB,16,280,1306,4.7,13,48,37,367,4,3,2,16.6,265.3
3,4,Matt Forte,CHI,RB,16,266,1038,3.9,6,130,102,808,4,2,2,15.3,244.6
4,5,Arian Foster,HOU,RB,13,260,1246,4.8,8,59,38,327,5,2,2,18.1,235.5
5,6,Eddie Lacy,GB,RB,16,246,1139,4.6,9,55,42,427,4,3,2,14.4,230.6
6,7,Jamaal Charles,KC,RB,15,206,1033,5.0,9,59,40,291,5,5,3,14.0,210.4
7,8,Justin Forsett,BAL,RB,16,235,1266,5.4,8,59,44,263,0,1,0,12.7,202.9
8,9,Lamar Miller,MIA,RB,16,216,1099,5.1,8,52,38,275,1,3,3,11.6,185.4
9,10,Jeremy Hill,CIN,RB,16,222,1124,5.1,9,32,27,215,0,5,2,11.5,183.9
10,11,CJ Anderson,DEN,RB,15,179,849,4.7,8,44,34,324,2,1,0,11.8,177.3
11,12,LeSean McCoy,PHI,RB,16,315,1319,4.2,5,38,29,155,0,4,3,10.7,171.4
12,13,Alfred Morris,WAS,RB,16,265,1074,4.1,8,26,17,155,0,2,0,10.7,170.9
13,14,Joique Bell,DET,RB,15,223,860,3.9,7,53,34,322,1,5,1,10.9,164.2
14,15,Mark Ingram,NO,RB,13,226,964,4.3,9,36,29,145,0,3,1,12.5,162.9
15,16,Matt Asiata,MIN,RB,15,164,570,3.5,9,63,44,312,1,1,1,10.0,150.2
16,17,Frank Gore,SF,RB,16,255,1103,4.3,4,19,11,111,1,2,2,9.2,147.4
17,18,Giovani Bernard,CIN,RB,13,168,680,4.0,5,59,43,349,2,0,0,11.1,144.9
18,19,Chris Ivory,NYJ,RB,16,198,820,4.1,6,27,18,123,1,2,1,8.4,134.3
19,20,Andre Ellington,ARI,RB,12,201,660,3.3,3,64,46,395,2,2,2,11.0,131.5
20,21,Andre Williams,NYG,RB,16,217,721,3.3,7,37,18,130,0,1,0,7.9,127.1
21,22,Fred Jackson,BUF,RB,14,142,526,3.7,2,90,66,501,1,5,0,8.8,122.7
22,23,Steven Jackson,ATL,RB,15,190,707,3.7,6,27,20,148,0,0,0,8.1,121.5
23,24,Jonathan Stewart,CAR,RB,13,175,809,4.6,3,31,25,181,1,2,1,9.3,121.0
24,25,Tre Mason,LAR,RB,12,179,765,4.3,4,26,16,148,1,2,1,9.9,119.3
25,26,Ahmad Bradshaw,IND,RB,10,90,425,4.7,2,47,38,300,6,3,2,11.6,116.5
26,27,Shane Vereen,NE,RB,16,96,391,4.1,2,78,53,447,3,0,0,7.1,113.8
27,28,Isaiah Crowell,CLE,RB,16,148,607,4.1,8,14,9,87,0,3,2,7.1,113.4
28,29,Branden Oliver,LAC,RB,14,160,582,3.6,3,45,36,271,1,0,0,7.8,109.3
29,30,Rashad Jennings,NYG,RB,11,167,639,3.8,4,41,30,226,0,1,1,9.9,108.5
30,31,Darren Sproles,PHI,RB,15,57,329,5.8,6,62,40,387,0,4,1,7.0,105.6
31,32,Terrance West,CLE,RB,14,171,673,3.9,4,13,11,64,1,2,1,7.3,101.7
32,33,Knile Davis,KC,RB,16,134,463,3.5,6,25,16,147,1,4,2,6.2,99.0
33,34,Chris Johnson,NYJ,RB,16,155,663,4.3,1,34,24,151,1,1,1,5.7,91.4
34,35,Trent Richardson,IND,RB,15,159,519,3.3,3,34,27,229,0,2,1,6.1,90.8
35,36,Denard Robinson,JAX,RB,13,135,582,4.3,4,31,23,124,0,2,2,7.0,90.6
36,37,LeGarrette Blount,NE,RB,16,125,547,4.4,5,12,10,54,0,1,1,5.5,88.1
37,38,Roy Helu,WAS,RB,14,40,216,5.4,1,47,42,477,2,2,1,6.1,85.3
38,39,Darren McFadden,OAK,RB,16,155,534,3.4,2,56,36,212,0,1,1,5.3,84.6
39,40,Alfred Blue,HOU,RB,16,169,528,3.1,2,18,15,113,1,0,0,5.1,82.1
40,41,Ronnie Hillman,DEN,RB,8,106,434,4.1,3,34,21,139,1,1,0,10.2,81.3
41,42,Benjamin Cunningham,LAR,RB,16,66,246,3.7,3,53,45,352,1,2,2,5.0,79.8
42,43,Bishop Sankey,TEN,RB,16,152,569,3.7,2,23,18,133,0,2,2,4.9,78.2
43,44,Bobby Rainey,TB,RB,15,94,406,4.3,1,45,33,315,1,3,3,5.2,78.1
44,45,Pierre Thomas,NO,RB,11,45,222,4.9,2,55,45,378,1,0,0,7.1,78.0
45,46,Jonas Gray,NE,RB,8,89,412,4.6,5,3,1,7,0,0,0,9.0,71.9
46,47,Latavius Murray,OAK,RB,15,82,424,5.2,2,23,17,143,0,1,0,4.6,68.7
47,48,Doug Martin,TB,RB,11,135,494,3.7,2,20,13,64,0,0,0,6.2,67.8
48,49,Jerick McKinnon,MIN,RB,11,113,538,4.8,0,41,27,135,0,0,0,6.1,67.3
49,50,Reggie Bush,DET,RB,11,76,297,3.9,2,56,40,253,0,0,0,6.1,67.0
50,50,Ben Tate,MIN,RB,11,119,370,3.1,4,12,9,60,0,0,0,6.1,67.0
51,52,Antone Smith,ATL,RB,10,23,144,6.3,2,15,13,222,3,1,1,6.5,64.6
52,53,Lorenzo Taliaferro,BAL,RB,13,68,292,4.3,4,10,8,114,0,1,1,4.8,62.6
53,54,Carlos Hyde,SF,RB,14,83,333,4.0,4,16,12,68,0,1,1,4.4,62.1
54,55,Toby Gerhart,JAX,RB,14,102,326,3.2,2,24,20,186,0,1,1,4.4,61.2
55,56,Theo Riddick,DET,RB,14,20,51,2.6,0,50,34,316,4,0,0,4.3,60.7
56,57,Anthony Dixon,BUF,RB,16,105,432,4.1,2,9,8,49,0,1,0,3.8,60.1
57,58,Robert Turbin,SEA,RB,16,74,310,4.2,0,20,16,186,2,1,1,3.7,59.6
58,59,James Starks,GB,RB,16,85,333,3.9,2,29,18,140,0,1,0,3.7,59.3
59,60,Ryan Mathews,LAC,RB,6,74,330,4.5,3,10,9,69,0,1,0,9.6,57.9
60,61,Devonta Freeman,ATL,RB,16,65,248,3.8,1,38,30,225,1,1,1,3.6,57.3
61,62,Khiry Robinson,NO,RB,10,76,362,4.8,3,11,8,63,0,2,2,5.6,56.5
62,63,Stepfan Taylor,ARI,RB,14,63,208,3.3,1,15,11,79,3,0,0,3.9,54.7
63,64,Dan Herron,IND,RB,16,78,351,4.5,1,26,21,173,0,2,2,3.4,54.4
64,65,Jacquizz Rodgers,ATL,RB,16,58,217,3.7,1,40,29,173,1,1,0,3.2,51.0
65,66,Joseph Randle,DAL,RB,16,51,343,6.7,3,5,4,23,0,2,2,3.2,50.6
66,67,Shonn Greene,TEN,RB,13,94,392,4.2,2,3,1,13,0,1,1,3.9,50.5
67,68,Jordan Todman,JAX,RB,16,32,186,5.8,1,37,25,198,1,0,0,3.2,50.4
68,69,Stevan Ridley,NE,RB,6,94,340,3.6,2,5,4,20,0,0,0,8.0,48.0
69,70,Juwan Thompson,DEN,RB,15,54,272,5.0,3,7,4,25,0,1,0,3.2,47.7
70,71,Bernard Pierce,BAL,RB,13,93,363,3.9,2,6,2,13,0,1,1,3.7,47.6
71,72,Zac Stacy,LAR,RB,13,76,293,3.9,1,23,18,152,0,2,2,3.6,46.5
72,73,CJ Spiller,BUF,RB,9,77,299,3.9,0,22,19,125,1,3,1,5.2,46.4
73,74,Donald Brown,LAC,RB,13,85,223,2.6,0,41,29,211,0,0,0,3.3,43.4
74,75,Chris Polk,PHI,RB,14,46,172,3.7,4,3,2,16,0,1,0,3.1,42.8
75,76,Charles Sims,TB,RB,8,66,185,2.8,1,27,19,190,0,2,1,5.2,41.5
76,77,Daniel Thomas,MIA,RB,12,44,168,3.8,2,19,13,121,0,1,1,3.4,40.9
77,78,Darrel Young,WAS,FB,16,9,22,2.4,3,14,11,81,2,0,0,2.5,40.3
78,79,Marcel Reece,OAK,FB,15,21,85,4.0,0,59,37,265,1,1,1,2.6,39.0
79,80,Damien Williams,MIA,RB,16,36,122,3.4,0,27,21,187,1,0,0,2.3,36.9
80,81,Dexter McCluster,TEN,RB,14,40,131,3.3,0,36,26,197,1,1,1,2.6,36.8
81,82,Travaris Cadet,NO,RB,15,10,32,3.2,0,51,38,296,1,2,2,2.3,34.8
82,83,Fozzy Whittaker,CAR,RB,10,32,145,4.5,1,6,5,60,1,0,0,3.2,32.5
83,84,Lance Dunbar,DAL,RB,16,29,99,3.4,0,22,18,217,0,0,0,2.0,31.6
84,84,Leon Washington,TEN,RB,16,13,57,4.4,0,31,22,159,2,3,1,2.0,31.6
85,86,Bruce Miller,SF,FB,16,6,9,1.5,0,25,18,189,2,1,1,1.9,29.8
86,87,Bilal Powell,NYJ,RB,15,33,141,4.3,1,15,11,92,0,0,0,2.0,29.3
87,88,Bryce Brown,BUF,RB,7,36,126,3.5,0,25,16,176,0,1,1,4.0,28.2
88,89,Montee Ball,DEN,RB,5,55,172,3.1,1,13,9,62,0,1,1,5.5,27.4
89,90,Kerwynn Williams,ARI,RB,4,53,246,4.6,0,6,2,11,0,1,0,6.4,25.7
90,91,DeAngelo Williams,CAR,RB,6,63,219,3.5,0,6,5,44,0,1,1,4.0,24.3
91,92,Silas Redd,WAS,RB,15,16,75,4.7,1,10,8,107,0,1,0,1.6,24.2
92,93,Jonathan Grimes,HOU,RB,16,39,153,3.9,0,8,6,86,0,0,0,1.5,23.9
93,94,Knowshon Moreno,MIA,RB,3,31,148,4.8,1,1,1,8,0,0,0,7.2,21.6
94,95,Ka'Deem Carey,CHI,RB,14,36,158,4.4,0,6,5,57,0,0,0,1.5,21.5
95,96,Kyle Juszczyk,BAL,FB,16,0,0,0.0,0,27,19,182,1,2,2,1.3,20.2
96,96,Storm Johnson,JAX,RB,6,29,86,3.0,2,1,1,-4,0,0,0,3.4,20.2
97,96,Peyton Hillis,NYG,RB,9,26,115,4.4,0,16,10,87,0,0,0,2.2,20.2
98,99,Joe McKnight,KC,RB,2,1,3,3.0,0,7,6,64,2,0,0,9.4,18.7
99,99,Christine Michael,SEA,RB,10,34,175,5.1,0,2,1,12,0,1,0,1.9,18.7
100,101,Mike Tolbert,CAR,FB,8,37,78,2.1,0,17,12,93,0,0,0,2.1,17.1
101,102,John Kuhn,GB,FB,16,24,85,3.5,1,4,4,23,0,0,0,1.0,16.8
102,103,Maurice Jones-Drew,OAK,RB,12,43,96,2.2,0,16,11,71,0,1,0,1.4,16.7
103,104,Brandon Bolden,NE,RB,16,28,89,3.2,1,6,2,8,0,0,0,1.0,15.7
104,105,Robert Hughes,ARI,FB,16,7,11,1.6,0,12,8,140,0,0,0,0.9,15.1
105,106,Joe Banyard,MIN,RB,15,21,88,4.2,0,11,9,62,0,0,0,1.0,15.0
106,107,Zurlon Tipton,IND,RB,6,10,18,1.8,0,6,6,68,1,0,0,2.4,14.6
107,108,Anthony Sherman,KC,FB,16,2,8,4.0,0,14,10,71,1,0,0,0.9,13.9
108,109,Jamize Olawale,OAK,FB,16,2,0,0.0,0,6,5,18,2,0,0,0.9,13.8
109,110,Rex Burkhead,CIN,RB,9,9,27,3.0,1,10,7,49,0,0,0,1.5,13.6
110,111,Orleans Darkwa,NYG,RB,11,9,23,2.6,1,6,5,48,0,0,0,1.2,13.1
111,112,Marion Grice,ARI,RB,10,15,41,2.7,1,11,7,29,0,0,0,1.3,13.0
112,113,Patrick DiMarco,ATL,FB,16,0,0,0.0,0,14,9,62,1,0,0,0.8,12.2
113,114,Jonathan Dwyer,ARI,RB,2,16,51,3.2,1,3,2,8,0,0,0,6.0,11.9
114,115,Jed Collins,DET,FB,16,8,19,2.4,0,6,5,39,1,0,0,0.7,11.8
115,116,John Conner,NYJ,FB,12,6,20,3.3,0,3,2,35,1,0,0,1.0,11.5
116,117,Chris Ogbonnaya,NYG,RB,7,14,50,3.6,1,1,0,0,0,0,0,1.6,11.0
117,118,Darrin Reaves,CAR,RB,6,32,77,2.4,0,8,5,31,0,0,0,1.8,10.8
118,119,Ronnie Brown,LAC,RB,10,20,63,3.2,0,8,5,44,0,0,0,1.1,10.7
119,120,Chris Thompson,WAS,RB,2,3,12,4.0,0,7,6,27,1,0,0,5.0,9.9
120,121,Austin Johnson,NO,FB,7,8,22,2.8,0,2,2,15,1,0,0,1.4,9.7
121,121,Jackie Battle,TEN,FB,16,5,9,1.8,1,5,5,28,0,0,0,0.6,9.7
122,123,Adrian Peterson,MIN,RB,1,21,75,3.6,0,3,2,18,0,0,0,9.3,9.3
123,124,Cyrus Gray,KC,RB,9,8,31,3.9,1,0,0,0,0,0,0,1.0,9.1
124,125,Derrick Coleman,SEA,FB,5,0,0,0.0,0,2,2,29,1,0,0,1.8,8.9
125,126,Jerome Felton,MIN,FB,16,4,27,6.8,1,2,0,0,0,0,0,0.5,8.7
126,127,Frank Summers,BUF,FB,10,6,17,2.8,1,8,5,9,0,0,0,0.9,8.6
127,128,Will Ta'ufo'ou,JAX,FB,16,0,0,0.0,0,8,7,81,0,0,0,0.5,8.1
128,129,Keith Smith,DAL,FB,10,0,0,0.0,0,0,0,0,0,0,0,0.8,7.5
129,129,DuJuan Harris,GB,RB,13,16,64,4.0,0,2,1,11,0,0,0,0.6,7.5
130,131,George Winn,DET,RB,12,19,73,3.8,0,3,0,0,0,0,0,0.6,7.3
131,132,Danny Woodhead,LAC,RB,3,15,38,2.5,0,6,5,34,0,0,0,2.4,7.2
132,133,Erik Lorig,NO,FB,10,3,4,1.3,0,10,9,27,1,1,1,0.7,7.1
133,134,Cedric Peerman,CIN,RB,16,15,43,2.9,0,5,3,27,0,1,0,0.4,7.0
134,135,Dri Archer,PIT,RB,12,10,40,4.0,0,10,7,23,0,0,0,0.5,6.3
135,136,James White,NE,RB,3,9,38,4.2,0,5,5,23,0,0,0,2.0,6.1
136,136,Jorvorskie Lane,TB,FB,9,3,58,19.3,0,1,1,3,0,0,0,0.7,6.1
137,138,James Develin,NE,RB,16,3,5,1.7,0,8,6,43,0,1,0,0.3,4.8
138,138,Trey Watts,LAR,RB,14,7,30,4.3,0,4,3,18,0,0,0,0.3,4.8
139,140,Michael Cox,NYG,RB,4,4,33,8.2,0,3,2,9,0,0,0,1.0,4.2
140,141,Will Johnson,PIT,FB,16,2,0,0.0,0,10,6,41,0,0,0,0.3,4.1
141,142,Fitzgerald Toussaint,BAL,RB,4,6,12,2.0,0,6,3,27,0,0,0,1.0,3.9
142,143,Tommy Bohanon,NYJ,FB,4,1,3,3.0,0,2,2,30,0,0,0,0.8,3.3
143,144,Mike James,TB,RB,11,19,37,1.9,0,1,1,-5,0,0,0,0.3,3.2
144,145,Alfonso Smith,SF,RB,6,7,19,2.7,0,4,3,11,0,0,0,0.5,3.0
145,146,Jay Prosch,HOU,FB,16,0,0,0.0,0,4,1,24,0,0,0,0.2,2.4
146,147,Jeremy Stewart,DEN,RB,6,6,22,3.7,0,0,0,0,0,0,0,0.4,2.2
147,148,Shaun Draughn,CLE,RB,10,10,19,1.9,0,0,0,0,0,0,0,0.2,1.9
148,149,Ray Agnew,CLE,FB,12,2,2,1.0,0,9,3,15,0,0,0,0.1,1.7
149,150,Josh Harris,PIT,RB,4,9,16,1.8,0,0,0,0,0,0,0,0.4,1.6
150,151,Brian Leonard,NO,RB,1,0,0,0.0,0,1,1,15,0,0,0,1.5,1.5
151,152,Henry Hynoski,NYG,FB,16,7,13,1.9,0,0,0,0,0,0,0,0.1,1.3
152,153,Antonio Andrews,TEN,RB,4,0,0,0.0,0,2,2,11,0,0,0,0.3,1.1
153,154,LaMichael James,MIA,RB,3,5,9,1.8,0,1,0,0,0,0,0,0.3,0.9
154,155,Will Tukuafu,SEA,FB,9,1,2,2.0,0,2,1,4,0,0,0,0.1,0.6
155,156,Edwin Baker,NO,RB,3,1,2,2.0,0,0,0,0,0,0,0,0.1,0.2
156,157,Tyler Clutts,DAL,FB,16,0,0,0.0,0,1,1,1,0,0,0,0.0,0.1
157,158,Jalen Parmele,ARI,RB,1,1,0,0.0,0,0,0,0,0,0,0,0.0,0.0
158,158,Jerome Smith,ATL,RB,1,0,0,0.0,0,0,0,0,0,0,0,0.0,0.0
159,158,Richie Brockel,CAR,FB,4,0,0,0.0,0,0,0,0,0,0,0,0.0,0.0
160,158,Tony Fiammetta,CHI,FB,1,0,0,0.0,0,0,0,0,0,0,0,0.0,0.0
161,158,Glenn Winston,CLE,RB,5,0,0,0.0,0,0,0,0,0,0,0,0.0,0.0
162,158,Kiero Small,CLE,FB,3,0,0,0.0,0,0,0,0,0,0,0,0.0,0.0
163,158,Montell Owens,CHI,FB,6,0,0,0.0,0,0,0,0,0,0,0,0.0,0.0
164,158,Charcandrick West,KC,RB,6,0,0,0.0,0,1,0,0,0,0,0,0.0,0.0
165,158,Zach Line,MIN,FB,1,0,0,0.0,0,0,0,0,0,0,0,0.0,0.0
166,158,Nick Bellore,NYJ,RB,16,0,0,0.0,0,0,0,0,0,0,0,0.0,0.0
167,158,George Atkinson,OAK,RB,5,0,0,0.0,0,0,0,0,0,0,0,0.0,0.0
168,158,Taiwan Jones,OAK,RB,2,0,0,0.0,0,0,0,0,0,0,0,0.0,0.0
169,158,Phillip Tanner,SF,RB,2,0,0,0.0,0,0,0,0,0,0,0,0.0,0.0
170,158,Chase Reynolds,LAR,RB,15,0,0,0.0,0,0,0,0,0,0,0,0.0,0.0
171,172,Senorise Perry,CHI,RB,16,0,0,0.0,0,1,1,-1,0,0,0,0.0,-0.1
172,173,Tauren Poole,CAR,RB,1,1,0,0.0,0,0,0,0,0,1,1,-2.0,-2.0
173,173,Marcus Thigpen,BUF,RB,9,0,0,0.0,0,1,0,0,0,2,1,-0.2,-2.0
0,1,Devonta Freeman,ATL,RB,15,265,1056,4.0,11,97,73,578,3,3,2,16.2,243.4
1,2,Adrian Peterson,MIN,RB,16,327,1485,4.5,11,36,30,222,0,7,3,14.4,230.7
2,3,Doug Martin,TB,RB,16,288,1402,4.9,6,44,33,271,1,5,5,12.5,199.3
3,4,DeAngelo Williams,PIT,RB,16,200,907,4.5,11,47,40,367,0,4,2,12.0,191.4
4,5,Todd Gurley,LAR,RB,13,229,1106,4.8,10,26,21,188,0,3,1,14.4,187.4
5,6,Lamar Miller,MIA,RB,16,194,872,4.5,8,57,47,397,2,1,1,11.6,184.9
6,7,David Johnson,ARI,RB,16,125,581,4.6,8,57,36,457,4,5,1,10.9,173.8
7,8,Chris Ivory,NYJ,RB,15,247,1070,4.3,7,37,30,217,1,5,2,11.5,172.7
8,9,Matt Forte,CHI,RB,13,218,898,4.1,4,58,44,389,3,2,1,13.1,170.7
9,10,Latavius Murray,OAK,RB,16,266,1066,4.0,6,53,41,232,0,4,1,10.2,163.8
10,11,Danny Woodhead,LAC,RB,16,98,336,3.4,3,106,80,755,6,0,0,10.2,163.1
11,12,Frank Gore,IND,RB,16,260,967,3.7,6,58,34,267,1,4,3,10.0,159.4
12,13,Darren McFadden,DAL,RB,16,239,1089,4.6,3,53,40,328,0,4,3,9.7,155.7
13,14,Jeremy Hill,CIN,RB,16,223,794,3.6,11,19,15,79,1,3,3,9.7,155.3
14,15,Mark Ingram,NO,RB,12,166,769,4.6,6,60,50,405,0,3,1,12.8,153.4
15,16,Jonathan Stewart,CAR,RB,13,242,989,4.1,6,21,16,99,1,3,2,11.3,146.8
16,17,LeSean McCoy,BUF,RB,12,203,895,4.4,3,50,32,292,2,2,2,12.2,146.7
17,18,DeMarco Murray,PHI,RB,15,193,702,3.6,6,55,44,322,1,3,2,9.4,140.4
18,19,Ronnie Hillman,DEN,RB,16,207,863,4.2,7,35,24,111,0,3,1,8.6,137.4
19,20,Rashad Jennings,NYG,RB,16,195,863,4.4,3,40,29,296,1,3,2,8.5,135.9
20,21,Giovani Bernard,CIN,RB,16,154,730,4.7,2,66,49,472,0,2,0,8.3,132.2
21,22,Charles Sims,TB,RB,16,107,529,4.9,0,70,51,561,4,2,2,8.1,129.0
22,23,Jeremy Langford,CHI,RB,16,148,537,3.6,6,42,22,279,1,0,0,7.8,125.6
23,24,James Starks,GB,RB,16,148,601,4.1,2,53,43,392,3,6,3,7.7,123.3
24,25,Eddie Lacy,GB,RB,15,187,758,4.1,3,28,20,188,2,4,2,8.0,120.6
25,26,TJ Yeldon,JAX,RB,12,182,740,4.1,2,46,36,279,1,0,0,10.0,119.9
26,27,Isaiah Crowell,CLE,RB,16,185,706,3.8,4,22,19,182,1,0,0,7.4,118.8
27,28,Thomas Rawls,SEA,RB,13,147,830,5.6,4,11,9,76,1,1,1,9.1,118.6
28,29,LeGarrette Blount,NE,RB,12,165,703,4.3,6,7,6,43,1,1,0,9.7,116.6
29,30,CJ Anderson,DEN,RB,15,152,720,4.7,5,36,25,183,0,2,2,7.8,116.3
30,31,Karlos Williams,BUF,RB,11,93,517,5.6,7,14,11,96,2,2,1,10.3,113.3
31,32,Charcandrick West,KC,RB,15,160,634,4.0,4,34,20,214,1,2,1,7.5,112.8
32,33,Ryan Mathews,PHI,RB,13,106,539,5.1,6,29,20,146,1,4,3,8.0,104.5
33,34,Duke Johnson,CLE,RB,16,104,379,3.6,0,74,61,534,2,1,0,6.5,103.3
34,35,Chris Johnson,ARI,RB,11,196,814,4.2,3,13,6,58,0,2,2,9.2,101.2
35,36,Javorius Allen,BAL,RB,16,137,514,3.8,1,62,45,353,2,2,2,6.3,100.7
36,37,Shane Vereen,NYG,RB,16,61,260,4.3,0,81,59,494,4,1,0,6.2,99.4
37,38,Theo Riddick,DET,RB,16,43,133,3.1,0,99,80,697,3,1,1,6.2,99.0
38,39,Alfred Blue,HOU,RB,16,183,698,3.8,2,16,15,109,1,2,1,6.0,96.7
39,40,Matt Jones,WAS,RB,13,144,490,3.4,3,25,19,304,1,5,4,7.3,95.4
40,41,Darren Sproles,PHI,RB,16,83,317,3.8,3,83,55,388,1,2,0,5.9,94.5
41,42,Ameer Abdullah,DET,RB,16,143,597,4.2,2,38,25,183,1,6,2,5.8,92.0
42,43,Justin Forsett,BAL,RB,10,151,641,4.2,2,41,31,153,0,0,0,9.1,91.4
43,44,Antonio Andrews,TEN,RB,14,143,520,3.6,3,29,21,174,0,1,1,6.5,91.04
44,45,Bilal Powell,NYJ,RB,11,70,313,4.5,1,63,47,388,2,2,0,8.0,88.1
45,46,Le'Veon Bell,PIT,RB,6,113,556,4.9,3,26,24,136,0,0,0,14.5,87.2
46,47,Alfred Morris,WAS,RB,16,202,751,3.7,1,13,10,55,0,0,0,5.4,86.6
47,48,Dion Lewis,NE,RB,7,49,234,4.8,2,50,36,388,2,2,1,12.0,84.2
48,49,Joique Bell,DET,RB,13,90,311,3.5,4,27,22,286,0,1,0,6.4,83.7
49,50,James White,NE,RB,14,22,56,2.5,2,54,40,410,4,0,0,5.9,82.6
50,51,Jamaal Charles,KC,RB,5,71,364,5.1,4,30,21,177,1,3,2,16.0,80.1
51,52,Spencer Ware,KC,RB,11,72,403,5.6,6,6,6,5,0,1,0,7.0,76.8
52,53,Melvin Gordon,LAC,RB,14,184,641,3.5,0,37,33,192,0,6,4,5.4,75.3
53,54,Tim Hightower,NO,RB,8,96,375,3.9,4,13,12,129,0,0,0,9.3,74.4
54,55,Carlos Hyde,SF,RB,7,115,470,4.1,3,15,11,53,0,1,0,10.0,70.3
55,56,Marshawn Lynch,SEA,RB,7,111,417,3.8,3,21,13,80,0,0,0,10.0,69.7
56,57,Mike Tolbert,CAR,FB,16,62,256,4.1,1,23,18,154,3,0,0,4.1,65.0
57,58,Joseph Randle,DAL,RB,6,76,315,4.1,4,10,10,86,0,1,0,10.7,64.1
58,59,Jerick McKinnon,MIN,RB,16,52,271,5.2,2,29,21,173,1,0,0,3.9,62.4
59,60,Dexter McCluster,TEN,RB,12,55,247,4.5,1,41,31,260,1,2,2,5.1,60.7
60,61,Andre Ellington,ARI,RB,10,45,289,6.4,3,24,15,148,0,1,1,6.0,59.7
61,62,Jonathan Grimes,HOU,RB,14,56,282,5.0,1,31,26,173,1,0,0,4.2,59.5
62,63,Chris Thompson,WAS,RB,13,35,216,6.2,0,48,35,240,2,2,0,4.4,57.6
63,64,Kyle Juszczyk,BAL,FB,16,2,3,1.5,0,56,41,321,4,0,0,3.5,56.4
64,65,Chris Polk,HOU,RB,15,99,334,3.4,1,28,16,109,1,0,0,3.8,56.3
65,66,Arian Foster,HOU,RB,4,63,163,2.6,1,28,22,227,2,2,1,13.8,55.0
66,67,Khiry Robinson,NO,RB,8,56,180,3.2,4,20,17,115,0,0,0,6.7,53.5
67,68,Shaun Draughn,SF,RB,11,78,273,3.5,1,35,27,176,0,2,0,4.6,50.9
68,69,Brandon Bolden,NE,RB,15,63,207,3.3,0,30,19,180,2,0,0,3.4,50.7
69,70,Marcel Reece,OAK,FB,15,10,36,3.6,0,37,30,269,3,0,0,3.2,48.5
70,71,CJ Spiller,NO,RB,13,36,112,3.1,0,44,34,239,2,1,0,3.6,47.1
71,72,Denard Robinson,JAX,RB,13,67,266,4.0,1,30,21,164,0,3,1,3.6,47.0
72,73,Fred Jackson,SEA,RB,16,26,100,3.8,0,41,32,257,2,1,1,2.9,45.7
73,74,Mike Gillislee,BUF,RB,5,47,267,5.7,3,7,6,29,0,1,1,9.1,45.6
74,75,Bishop Sankey,TEN,RB,13,47,193,4.1,1,22,14,139,1,3,1,3.3,43.2
75,76,Tevin Coleman,ATL,RB,12,87,392,4.5,1,11,2,14,0,3,3,3.4,40.6
76,77,Benjamin Cunningham,LAR,RB,16,37,140,3.8,0,37,26,250,0,1,0,2.4,39.0
77,78,Donald Brown,LAC,RB,10,59,229,3.9,1,13,8,88,0,1,0,3.8,37.7
78,79,Jay Ajayi,MIA,RB,9,49,187,3.8,1,11,7,90,0,0,0,4.0,35.7
79,80,Andre Williams,NYG,RB,16,88,257,2.9,1,3,1,7,0,0,0,2.2,34.4
80,81,Ka'Deem Carey,CHI,RB,11,43,159,3.7,2,3,3,19,1,1,1,3.1,33.8
81,82,Tre Mason,LAR,RB,13,75,207,2.8,1,21,18,88,0,3,1,2.6,33.5
82,83,Ahmad Bradshaw,IND,RB,6,31,85,2.7,0,14,10,64,3,0,0,5.5,32.9
83,84,Cameron Artis-Payne,CAR,RB,7,45,183,4.1,1,5,5,58,0,0,0,4.3,30.1
84,85,Zach Line,MIN,FB,16,6,10,1.7,2,9,6,95,1,0,0,1.8,28.5
85,86,Robert Turbin,DAL,RB,10,50,199,4.0,1,10,7,23,0,0,0,2.8,28.2
86,86,Lance Dunbar,DAL,RB,4,5,67,13.4,0,23,21,215,0,0,0,7.0,28.2
87,86,Travaris Cadet,NO,RB,7,11,28,2.5,0,22,17,214,1,1,1,4.0,28.2
88,89,Ty Montgomery,GB,RB,6,3,14,4.7,0,19,15,136,2,0,0,4.5,27.0
89,90,DuJuan Harris,SF,RB,4,48,189,3.9,0,14,9,97,0,1,1,6.6,26.6
90,91,Christine Michael,SEA,RB,8,54,243,4.5,0,6,3,16,0,0,0,3.2,25.9
91,92,Jamize Olawale,OAK,FB,14,24,110,4.6,1,11,9,84,0,0,0,1.8,25.4
92,93,Jonas Gray,JAX,RB,8,45,176,3.9,0,8,7,76,0,0,0,3.2,25.2
93,94,Matt Asiata,MIN,RB,16,29,112,3.9,0,22,19,132,0,0,0,1.5,24.4
94,94,Orleans Darkwa,NYG,RB,16,36,153,4.2,1,6,3,31,0,0,0,1.5,24.4
95,96,Damien Williams,MIA,RB,16,16,59,3.7,0,28,21,142,1,4,1,1.5,24.1
96,97,Fozzy Whittaker,CAR,RB,15,25,108,4.3,1,15,12,64,0,2,0,1.5,23.2
97,98,Patrick DiMarco,ATL,FB,16,1,0,0.0,0,17,13,110,2,0,0,1.4,23.0
98,99,Terron Ward,ATL,RB,13,29,95,3.3,1,13,9,73,0,0,0,1.8,22.8
99,100,Taiwan Jones,OAK,RB,12,16,74,4.6,0,9,7,106,1,2,1,1.8,22.0
100,100,Branden Oliver,LAC,RB,8,31,108,3.5,0,15,13,112,0,1,0,2.8,22.0
101,102,Zac Stacy,NYJ,RB,8,31,89,2.9,1,12,9,65,0,0,0,2.7,21.4
102,103,Terrance West,BAL,RB,8,62,231,3.7,0,5,4,21,0,2,2,2.6,21.2
103,104,Bruce Miller,SF,FB,16,6,14,2.3,1,14,10,135,0,0,0,1.3,20.9
104,105,John Kuhn,GB,FB,16,9,28,3.1,2,10,6,56,0,0,0,1.3,20.4
105,105,David Cobb,TEN,RB,7,52,146,2.8,1,2,1,-2,0,0,0,2.9,20.4
106,107,Kerwynn Williams,ARI,RB,6,27,142,5.3,1,2,2,16,0,2,1,3.3,19.8
107,108,Jalston Fowler,TEN,RB,16,7,13,1.9,1,6,5,44,1,0,0,1.1,17.7
108,109,Roy Helu,OAK,RB,9,17,39,2.3,0,16,9,75,1,0,0,1.9,17.4
109,110,Knile Davis,KC,RB,14,28,72,2.6,1,3,2,24,0,0,0,1.1,15.6
110,111,Anthony Dixon,BUF,RB,16,21,44,2.1,1,7,6,44,0,0,0,0.9,14.8
111,111,Pierre Thomas,WAS,RB,5,15,64,4.3,0,11,9,84,0,0,0,3.0,14.8
112,113,Rex Burkhead,CIN,RB,16,4,4,1.0,0,15,10,94,1,1,1,0.9,13.8
113,114,Lorenzo Taliaferro,BAL,RB,3,13,47,3.6,1,5,5,29,0,0,0,4.5,13.6
114,115,Akeem Hunt,HOU,RB,7,17,96,5.6,0,10,6,39,0,0,0,1.9,13.5
115,116,Bryce Brown,SEA,RB,4,26,72,2.8,1,2,0,0,0,0,0,3.3,13.2
116,117,Steven Jackson,NE,RB,2,21,50,2.4,1,1,1,20,0,0,0,6.5,13.0
117,118,Dan Herron,IND,RB,10,25,79,3.2,0,10,9,47,0,1,0,1.3,12.6
118,118,Kenjon Barner,PHI,RB,11,28,124,4.4,0,12,9,22,0,1,1,1.1,12.6
119,120,Will Tukuafu,SEA,FB,14,4,1,0.2,1,1,1,7,1,1,1,0.8,10.8
120,121,Kendall Gaskins,SF,FB,9,16,38,2.4,0,10,8,69,0,0,0,1.2,10.7
121,122,Will Johnson,PIT,FB,16,4,7,1.8,1,4,2,16,0,0,0,0.6,10.3
122,123,Michael Burton,DET,FB,16,4,2,0.5,0,6,6,39,1,0,0,0.6,10.1
123,124,Juwan Thompson,DEN,RB,15,18,48,2.7,0,9,6,51,0,0,0,0.7,9.9
124,124,Austin Johnson,NO,FB,10,4,9,2.2,1,8,5,30,0,0,0,1.0,9.9
125,126,Mike Davis,SF,RB,6,35,58,1.7,0,13,7,38,0,0,0,1.6,9.6
126,127,Stevan Ridley,NYJ,RB,9,36,90,2.5,0,5,4,-2,0,0,0,1.0,8.8
127,128,Zurlon Tipton,IND,RB,10,5,20,4.0,0,8,5,57,0,0,0,0.8,7.7
128,129,Zach Zenner,DET,RB,6,17,60,3.5,0,3,2,11,0,0,0,1.2,7.1
129,130,Toby Gerhart,JAX,RB,7,20,44,2.2,0,5,3,23,0,0,0,1.0,6.7
130,131,Stepfan Taylor,ARI,RB,16,17,58,3.4,0,3,1,4,0,0,0,0.4,6.2
131,131,Fitzgerald Toussaint,PIT,RB,5,18,42,2.3,0,0,0,0,0,0,0,1.2,6.2
132,133,Jarryd Hayne,SF,RB,8,17,52,3.1,0,7,6,27,0,3,1,0.7,5.9
133,134,Tommy Bohanon,NYJ,FB,16,2,2,1.0,0,8,4,56,0,0,0,0.4,5.8
134,135,Josh Robinson,IND,RB,5,17,39,2.3,0,7,6,33,0,1,1,1.0,5.2
135,136,Jacquizz Rodgers,CHI,RB,5,14,41,2.9,0,3,1,10,0,0,0,1.0,5.1
136,136,Joey Iosefa,NE,RB,2,15,51,3.4,0,0,0,0,0,0,0,2.6,5.1
137,138,Reggie Bush,SF,RB,5,8,28,3.5,0,10,4,19,0,0,0,0.9,4.7
138,139,Anthony Sherman,KC,FB,16,1,0,0.0,0,5,4,34,0,0,0,0.2,3.4
139,140,Jay Prosch,HOU,FB,16,6,33,5.5,0,1,0,0,0,0,0,0.2,3.3
140,141,Derrick Coleman,SEA,FB,14,8,32,4.0,0,1,1,0,0,0,0,0.2,3.2
141,141,Darrel Young,WAS,FB,16,6,10,1.7,0,6,6,22,0,1,0,0.2,3.2
142,143,Nick Bellore,SF,RB,16,0,0,0.0,0,0,0,0,0,0,0,0.2,3.0
143,144,Jordan Todman,PIT,RB,11,4,22,5.5,0,2,0,0,0,0,0,0.2,2.2
144,145,John Crockett,GB,RB,2,9,21,2.3,0,0,0,0,0,0,0,1.0,2.1
145,146,Tyler Varga,IND,RB,3,1,2,2.0,0,2,1,18,0,0,0,0.7,2.0
146,147,Alonzo Harris,GB,RB,6,4,19,4.8,0,1,0,0,0,0,0,0.3,1.9
147,148,Aaron Ripkowski,GB,FB,15,0,0,0.0,0,1,1,18,0,0,0,0.1,1.8
148,148,Bernard Pierce,JAX,RB,7,6,11,1.8,0,5,3,7,0,0,0,0.3,1.8
149,150,Roosevelt Nix,PIT,RB,15,0,0,0.0,0,3,2,16,0,0,0,0.1,1.6
150,151,Malcolm Johnson,CLE,FB,12,0,0,0.0,0,6,4,15,0,0,0,0.1,1.5
151,151,Malcolm Brown,LAR,RB,1,4,17,4.2,0,1,1,-2,0,0,0,1.5,1.5
152,153,Jerome Felton,BUF,FB,16,1,2,2.0,0,2,1,12,0,0,0,0.1,1.4
153,153,Bobby Rainey,TB,RB,16,5,18,3.6,0,3,3,16,0,8,1,0.1,1.4
154,155,Jorvorskie Lane,TB,FB,16,1,0,0.0,0,2,2,13,0,0,0,0.1,1.3
155,156,Trey Williams,IND,RB,2,2,12,6.0,0,0,0,0,0,0,0,0.6,1.2
156,157,Antone Smith,CHI,RB,5,1,11,11.0,0,0,0,0,0,0,0,0.2,1.1
157,157,Rod Smith,DAL,RB,11,2,5,2.5,0,2,1,6,0,0,0,0.1,1.1
158,159,Terrence Magee,BAL,RB,4,2,5,2.5,0,1,1,2,0,0,0,0.2,0.7
159,160,Tyler Clutts,DAL,FB,16,0,0,0.0,0,1,1,4,0,0,0,0.0,0.4
160,161,Kendall Hunter,NO,RB,2,1,2,2.0,0,0,0,0,0,0,0,0.1,0.2
161,162,George Winn,DET,RB,7,4,1,0.2,0,0,0,0,0,0,0,0.0,0.1
162,163,Richie Brockel,CAR,FB,2,0,0,0.0,0,0,0,0,0,0,0,0.0,0.0
163,163,Brandon Wegher,CAR,RB,1,0,0,0.0,0,0,0,0,0,0,0,0.0,0.0
164,163,Cedric Peerman,CIN,RB,16,0,0,0.0,0,0,0,0,0,1,0,0.0,0.0
165,163,Keith Smith,DAL,FB,5,0,0,0.0,0,0,0,0,0,0,0,0.0,0.0
166,163,Kapri Bibbs,DEN,RB,1,0,0,0.0,0,0,0,0,0,0,0,0.0,0.0
167,163,Joe Banyard,JAX,RB,5,0,0,0.0,0,0,0,0,0,1,0,0.0,0.0
168,163,Chase Reynolds,LAR,RB,12,0,0,0.0,0,0,0,0,0,1,0,0.0,0.0
169,163,Trey Watts,LAR,RB,1,0,0,0.0,0,0,0,0,0,0,0,0.0,0.0
170,163,LaMichael James,MIA,RB,1,0,0,0.0,0,0,0,0,0,1,0,0.0,0.0
171,163,Toben Opurum,NO,FB,2,0,0,0.0,0,0,0,0,0,0,0,0.0,0.0
172,163,Nikita Whitlock,NYG,RB,14,0,0,0.0,0,0,0,0,0,0,0,0.0,0.0
173,163,Dri Archer,PIT,RB,8,0,0,0.0,0,0,0,0,0,0,0,0.0,0.0
174,163,Dreamius Smith,LAC,RB,2,0,0,0.0,0,0,0,0,0,0,0,0.0,0.0
175,176,Cierre Wood,BUF,RB,2,2,3,1.5,0,1,1,-6,0,0,0,-0.2,-0.3
176,177,Corey Grant,JAX,RB,6,6,2,0.3,0,3,2,13,0,1,1,-0.1,-0.5
177,178,Isaiah Pead,PIT,RB,2,2,3,1.5,0,0,0,0,0,1,1,-0.8,-1.7
178,179,Raheem Mostert,CLE,RB,11,0,0,0.0,0,0,0,0,0,2,1,-0.2,-2.0
179,179,Marcus Murphy,NO,RB,13,1,0,0.0,0,0,0,0,0,3,1,-0.2,-2.0
180,181,Glenn Winston,CLE,RB,3,1,-8,-8.0,0,0,0,0,0,1,1,-0.9,-2.8
181,182,Marcus Thigpen,BUF,RB,9,1,-1,-1.0,0,0,0,0,0,3,2,-0.5,-4.1
0,1,David Johnson,ARI,RB,16,293,1239,4.2,16,120,80,879,4,5,3,20.5,327.8
1,2,Ezekiel Elliott,DAL,RB,15,322,1631,5.1,15,40,32,363,1,5,1,19.6,293.4
2,3,LeSean McCoy,BUF,RB,15,234,1267,5.4,13,58,51,356,1,3,0,16.6,248.3
3,4,Le'Veon Bell,PIT,RB,12,261,1268,4.9,7,94,75,616,2,4,1,20.2,242.4
4,5,DeMarco Murray,TEN,RB,16,293,1287,4.4,9,67,53,377,3,3,1,15.0,240.8
5,6,Devonta Freeman,ATL,RB,16,227,1079,4.8,11,65,54,462,2,1,1,14.4,230.1
6,7,LeGarrette Blount,NE,RB,16,299,1161,3.9,18,8,7,38,0,2,1,14.1,225.9
7,8,Melvin Gordon,LAC,RB,13,254,997,3.9,10,57,41,419,2,2,2,16.1,209.6
8,9,Jordan Howard,CHI,RB,15,252,1313,5.2,6,50,29,298,1,2,1,13.4,201.1
9,10,Mark Ingram,NO,RB,16,205,1043,5.1,6,58,46,319,4,2,2,12.3,196.2
10,11,Jay Ajayi,MIA,RB,15,260,1272,4.9,8,35,27,151,0,4,1,12.6,188.3
11,12,Frank Gore,IND,RB,16,263,1026,3.9,4,47,38,277,4,2,1,11.0,176.3
12,13,Latavius Murray,OAK,RB,14,195,788,4.0,12,43,33,264,0,2,1,12.5,175.2
13,14,Isaiah Crowell,CLE,RB,16,198,952,4.8,7,53,40,319,0,2,2,10.3,165.1
14,14,Carlos Hyde,SF,RB,13,217,988,4.6,6,33,27,163,3,5,3,12.7,165.1
15,16,Spencer Ware,KC,RB,14,214,922,4.3,3,42,33,447,2,4,3,11.5,160.9
16,17,Lamar Miller,HOU,RB,14,268,1073,4.0,5,39,31,188,1,2,1,11.4,160.1
17,17,Tevin Coleman,ATL,RB,13,118,520,4.4,8,40,31,421,3,1,0,12.3,160.1
18,19,Jeremy Hill,CIN,RB,15,222,839,3.8,9,27,21,174,0,0,0,10.4,155.3
19,20,Todd Gurley,LAR,RB,16,278,885,3.2,6,58,43,327,0,2,1,9.7,155.2
20,21,Matt Forte,NYJ,RB,14,218,813,3.7,7,43,30,263,1,1,1,11.0,153.6
21,22,Bilal Powell,NYJ,RB,16,131,722,5.5,3,74,58,388,2,1,1,8.7,139.0
22,23,Jonathan Stewart,CAR,RB,13,218,824,3.8,9,21,8,60,0,3,2,10.6,138.4
23,24,Terrance West,BAL,RB,16,193,774,4.0,5,45,34,236,1,2,0,8.6,137.0
24,25,Ryan Mathews,PHI,RB,13,155,661,4.3,8,14,13,115,1,3,2,10.1,131.6
25,26,Rob Kelley,WAS,RB,15,168,704,4.2,6,18,12,82,1,0,0,8.0,120.6
26,27,Mike Gillislee,BUF,RB,15,101,576,5.7,8,11,9,50,1,1,0,7.8,116.6
27,28,Christine Michael,GB,RB,15,148,583,3.9,7,29,22,107,1,2,1,7.7,115.0
28,29,Devontae Booker,DEN,RB,16,174,612,3.5,4,46,31,265,1,4,3,7.0,111.7
29,30,Darren Sproles,PHI,RB,15,94,438,4.7,2,71,52,427,2,1,0,7.4,110.5
30,31,Theo Riddick,DET,RB,10,92,357,3.9,1,67,53,371,5,0,0,10.9,108.8
31,32,Jerick McKinnon,MIN,RB,15,159,539,3.4,2,53,43,255,2,0,0,7.0,105.4
32,33,Tim Hightower,NO,RB,16,133,548,4.1,4,26,22,200,1,0,0,6.6,104.8
33,34,Rashad Jennings,NYG,RB,13,181,593,3.3,3,42,35,201,1,1,0,8.0,103.4
34,35,James White,NE,RB,16,39,166,4.3,0,86,60,551,5,0,0,6.4,101.7
35,36,Matt Asiata,MIN,RB,16,121,402,3.3,6,38,32,263,0,1,1,6.3,100.5
36,37,Chris Thompson,WAS,RB,16,68,356,5.2,3,62,49,349,2,2,1,6.2,98.5
37,38,Ty Montgomery,GB,RB,15,77,457,5.9,3,56,44,348,0,2,1,6.4,96.5
38,39,Derrick Henry,TEN,RB,15,110,490,4.5,5,15,13,137,0,0,0,6.2,92.7
39,40,Duke Johnson,CLE,RB,16,73,358,4.9,1,74,53,514,0,2,1,5.7,91.2
40,41,Nick Bellore,SF,RB,14,0,0,0.0,0,0,0,0,0,0,0,6.5,90.9
41,42,TJ Yeldon,JAX,RB,15,130,465,3.6,1,68,50,312,1,2,1,5.8,87.7
42,43,Jalen Richard,OAK,RB,16,83,492,5.9,1,39,29,194,2,0,0,5.4,86.6
43,44,CJ Anderson,DEN,RB,7,110,437,4.0,4,24,16,128,1,0,0,12.4,86.5
44,45,Giovani Bernard,CIN,RB,10,91,337,3.7,2,51,39,336,1,1,1,8.3,83.3
45,46,Robert Turbin,IND,RB,15,47,164,3.5,7,35,26,179,1,0,0,5.5,82.3
46,47,DeAngelo Williams,PIT,RB,9,98,343,3.5,4,27,18,118,2,0,0,9.1,82.1
47,48,Shaun Draughn,SF,RB,16,74,196,2.6,4,39,29,263,2,1,1,5.0,79.9
48,49,Jacquizz Rodgers,TB,RB,10,129,560,4.3,2,16,13,98,0,0,0,7.8,77.8
49,50,Zach Zenner,DET,RB,14,88,334,3.8,4,23,18,196,0,1,1,5.4,75.0
50,51,Chris Ivory,JAX,RB,11,117,439,3.8,3,28,20,186,0,6,3,6.8,74.5
51,52,Kenneth Dixon,BAL,RB,12,88,382,4.3,2,41,30,162,1,1,0,6.0,72.4
52,53,Doug Martin,TB,RB,8,144,421,2.9,3,16,14,134,0,1,1,8.9,71.5
53,54,Damien Williams,MIA,RB,15,35,115,3.3,3,31,23,249,3,1,1,4.7,70.4
54,55,Deandre Washington,OAK,RB,14,87,467,5.4,2,23,17,115,0,1,1,4.9,68.2
55,56,Matt Jones,WAS,RB,7,99,460,4.6,3,8,8,73,0,3,2,9.6,67.3
56,57,Charcandrick West,KC,RB,15,88,293,3.3,1,34,28,188,2,0,0,4.4,66.1
57,58,Thomas Rawls,SEA,RB,9,109,349,3.2,3,17,13,96,0,0,0,6.9,62.5
58,59,Paul Perkins,NYG,RB,14,112,456,4.1,0,24,15,162,0,1,0,4.4,61.8
59,60,Rex Burkhead,CIN,RB,16,74,344,4.6,2,20,17,145,0,1,1,3.7,58.9
60,61,Jeremy Langford,CHI,RB,12,62,200,3.2,4,27,19,142,0,2,2,4.5,54.2
61,62,Travaris Cadet,NO,RB,15,4,19,4.8,0,54,40,281,4,0,0,3.6,54.0
62,63,Alfred Blue,HOU,RB,14,100,420,4.2,1,16,12,40,0,2,1,3.6,50.0
63,64,Fozzy Whittaker,CAR,RB,16,57,265,4.6,0,33,25,226,0,1,1,2.9,47.1
64,65,Jamize Olawale,OAK,FB,16,17,47,2.8,2,14,12,227,1,0,0,2.8,45.4
65,66,CJ Prosise,SEA,RB,6,30,172,5.7,1,19,17,208,0,0,0,7.3,44.0
66,67,Charles Sims,TB,RB,7,51,149,2.9,1,32,24,190,1,1,1,6.3,43.9
67,68,Justin Forsett,DEN,RB,9,87,291,3.3,1,27,20,85,0,2,1,4.6,41.6
68,69,John Kuhn,NO,FB,16,18,37,2.1,4,20,16,70,1,0,0,2.5,40.7
69,69,Wendell Smallwood,PHI,RB,13,77,312,4.1,1,13,6,55,0,1,1,3.1,40.7
70,71,James Starks,GB,RB,9,63,145,2.3,0,25,19,134,2,1,0,4.4,39.9
71,72,Eddie Lacy,GB,RB,5,71,360,5.1,0,7,4,28,0,0,0,7.8,38.8
72,73,Dwayne Washington,DET,RB,12,90,265,2.9,1,15,10,62,0,0,0,3.2,38.7
73,74,Dion Lewis,NE,RB,7,64,283,4.4,0,24,17,94,0,1,0,5.4,37.7
74,75,Aaron Ripkowski,GB,FB,16,34,150,4.4,2,10,9,46,1,0,0,2.4,37.6
75,76,Alfred Morris,DAL,RB,14,69,243,3.5,2,6,3,11,0,0,0,2.7,37.4
76,77,Kyle Juszczyk,BAL,FB,16,5,22,4.4,1,49,37,266,0,0,0,2.3,36.8
77,78,Kenyan Drake,MIA,RB,16,33,179,5.4,2,10,9,46,0,1,0,2.2,34.5
78,79,Corey Grant,JAX,RB,11,32,164,5.1,1,7,4,35,1,0,0,2.9,31.9
79,80,Peyton Barber,TB,RB,15,55,223,4.1,1,6,5,28,0,0,0,2.1,31.1
80,81,Kenjon Barner,PHI,RB,13,27,129,4.8,2,11,5,42,0,0,0,2.2,29.1
81,82,Kerwynn Williams,ARI,RB,10,18,157,8.7,2,2,1,6,0,0,0,2.8,28.3
82,83,Cameron Artis-Payne,CAR,RB,3,36,144,4.0,2,1,1,11,0,0,0,9.2,27.5
83,84,DuJuan Harris,SF,RB,9,38,138,3.6,0,9,8,115,1,2,2,3.0,27.3
84,85,Shane Vereen,NYG,RB,5,33,158,4.8,1,19,11,94,0,2,2,5.4,27.2
85,86,Alex Collins,SEA,RB,11,31,125,4.0,1,11,11,84,0,2,1,2.3,24.9
86,87,Mike Tolbert,CAR,FB,16,35,114,3.3,0,15,10,72,1,0,0,1.5,24.6
87,88,Orleans Darkwa,NYG,RB,10,30,111,3.7,2,4,2,12,0,0,0,2.4,24.3
88,89,Kapri Bibbs,DEN,RB,12,22,107,4.9,0,3,2,75,1,0,0,2.0,24.2
89,89,Kenneth Farrow,LAC,RB,13,60,192,3.2,0,16,13,70,0,2,1,1.9,24.2
90,91,Ronnie Hillman,LAC,RB,8,41,131,3.2,0,15,7,93,0,0,0,2.8,22.4
91,92,Ameer Abdullah,DET,RB,2,18,101,5.6,0,5,5,57,1,0,0,10.9,21.8
92,93,Lance Dunbar,DAL,RB,13,9,31,3.4,1,24,16,122,0,1,0,1.6,21.3
93,94,Danny Woodhead,LAC,RB,2,19,116,6.1,0,8,6,35,1,0,0,10.6,21.1
94,95,Jonathan Grimes,HOU,RB,10,23,105,4.6,0,18,13,94,0,0,0,2.0,19.9
95,96,Bobby Rainey,NYG,RB,15,17,63,3.7,0,25,20,153,0,1,1,1.3,19.6
96,97,Benjamin Cunningham,LAR,RB,11,21,101,4.8,0,21,16,91,0,1,0,1.7,19.2
97,98,Andre Ellington,ARI,RB,16,34,96,2.8,0,19,12,85,0,0,0,1.1,18.1
98,98,Ka'Deem Carey,CHI,RB,12,32,126,3.9,0,7,5,55,0,0,0,1.5,18.1
99,100,Reggie Bush,BUF,RB,13,12,-3,-0.2,1,10,7,90,0,1,0,1.3,16.7
100,101,Denard Robinson,JAX,RB,13,41,144,3.5,0,5,3,22,0,0,0,1.3,16.6
101,102,Terron Ward,ATL,RB,5,31,151,4.9,0,2,1,11,0,0,0,3.2,16.2
102,103,Josh Ferguson,IND,RB,16,15,20,1.3,0,26,20,136,0,1,0,1.0,15.6
103,104,Chris Johnson,ARI,RB,4,25,95,3.8,1,1,0,0,0,0,0,3.9,15.5
104,105,Mack Brown,WAS,RB,9,8,82,10.2,1,1,1,-2,0,0,0,1.6,14.0
105,106,Akeem Hunt,HOU,RB,8,20,109,5.4,0,4,3,29,0,2,0,1.7,13.8
106,107,Andy Janovich,DEN,FB,11,4,33,8.2,1,7,5,44,0,0,0,1.2,13.7
107,108,Arian Foster,MIA,RB,4,22,55,2.5,0,10,6,78,0,1,0,3.3,13.3
108,109,CJ Spiller,NYJ,RB,6,6,18,3.0,0,13,6,50,1,1,0,2.1,12.8
109,110,Mike Davis,SF,RB,8,19,50,2.6,1,5,3,25,0,1,1,1.4,11.5
110,111,Jamaal Charles,KC,RB,3,12,40,3.3,1,3,2,14,0,0,0,3.8,11.4
111,111,Jonathan Williams,BUF,RB,11,27,94,3.5,1,2,1,0,0,2,2,1.0,11.4
112,113,Patrick DiMarco,ATL,FB,16,0,0,0.0,0,10,7,52,1,0,0,0.7,11.2
113,114,Darren McFadden,DAL,RB,3,24,87,3.6,0,5,3,17,0,0,0,3.5,10.4
114,114,Antone Smith,TB,RB,3,10,47,4.7,0,9,6,77,0,2,1,3.5,10.4
115,116,Alan Cross,TB,FB,14,0,0,0.0,0,10,6,38,1,0,0,0.7,9.8
116,117,George Atkinson,CLE,RB,16,7,34,4.9,1,0,0,0,0,1,0,0.6,9.4
117,118,Terrell Watson,PHI,RB,1,9,28,3.1,1,1,1,5,0,0,0,9.3,9.3
118,119,Marcel Reece,SEA,FB,4,2,0,0.0,0,5,5,72,0,0,0,2.3,9.2
119,120,Fitzgerald Toussaint,PIT,RB,16,14,58,4.1,0,3,3,33,0,0,0,0.6,9.1
120,121,Andre Williams,LAC,RB,1,18,87,4.8,0,2,0,0,0,0,0,8.7,8.7
121,121,Derek Watt,LAC,FB,16,2,4,2.0,0,4,4,83,0,0,0,0.5,8.7
122,123,Juwan Thompson,DEN,RB,8,8,26,3.2,1,1,0,0,0,0,0,1.1,8.6
123,124,Byron Marshall,PHI,RB,3,19,64,3.4,0,5,3,10,0,0,0,2.5,7.4
124,125,Jerome Felton,BUF,FB,15,8,13,1.6,0,9,6,57,0,0,0,0.5,7.0
125,126,Malcolm Brown,LAR,RB,16,18,39,2.2,0,3,3,46,0,1,1,0.4,6.5
126,127,Adrian Peterson,MIN,RB,3,37,72,1.9,0,6,3,8,0,1,1,2.0,6.0
127,128,Jordan Todman,IND,RB,16,9,59,6.6,0,1,0,0,0,0,0,0.4,5.9
128,129,Knile Davis,KC,RB,11,18,28,1.6,0,7,5,25,0,0,0,0.5,5.3
129,130,Javorius Allen,BAL,RB,8,9,34,3.8,0,4,3,15,0,0,0,0.6,4.9
130,130,Troymaine Pope,SEA,RB,4,12,44,3.7,0,2,1,5,0,0,0,1.2,4.9
131,132,Brandon Wilds,NYJ,RB,4,10,27,2.7,0,2,2,20,0,0,0,1.2,4.7
132,133,Daniel Lasco,NO,RB,7,11,32,2.9,0,4,2,11,0,0,0,0.6,4.3
133,134,Mike James,TB,RB,4,4,19,4.8,0,4,4,22,0,0,0,1.0,4.1
134,135,Dexter McCluster,LAC,RB,6,3,2,0.7,0,11,7,36,0,0,0,0.6,3.8
135,136,Taiwan Jones,OAK,RB,13,1,-8,-8.0,0,4,4,43,0,1,0,0.3,3.5
136,137,Don Jackson,GB,RB,3,10,32,3.2,0,1,0,0,0,0,0,1.1,3.2
137,138,Isaiah Pead,MIA,RB,3,8,22,2.8,0,1,1,6,0,0,0,0.9,2.8
138,139,Dan Vitale,CLE,FB,9,0,0,0.0,0,5,4,27,0,0,0,0.3,2.7
139,140,Malcolm Johnson,CLE,FB,7,1,2,2.0,0,7,5,44,0,1,1,0.4,2.6
140,140,DJ Foster,NE,RB,3,7,24,3.4,0,2,1,2,0,0,0,0.9,2.6
141,142,Keith Smith,DAL,FB,16,2,5,2.5,0,3,3,20,0,0,0,0.2,2.5
142,142,Lawrence Thomas,NYJ,RB,3,0,0,0.0,0,0,0,0,0,0,0,0.8,2.5
143,144,Brandon Bolden,NE,RB,14,1,4,4.0,0,4,2,15,0,0,0,0.1,1.9
144,145,James Develin,NE,RB,16,0,0,0.0,0,6,3,18,0,0,0,0.1,1.8
145,145,JD McKissic,SEA,RB,1,1,2,2.0,0,2,2,16,0,0,0,1.8,1.8
146,147,Jalston Fowler,TEN,RB,16,1,3,3.0,0,2,1,14,0,0,0,0.1,1.7
147,148,Cedric Peerman,CIN,RB,6,6,15,2.5,0,1,0,0,0,0,0,0.2,1.5
148,148,Zach Line,MIN,FB,15,7,15,2.1,0,3,0,0,0,0,0,0.1,1.5
149,148,Antonio Andrews,TEN,RB,16,2,15,7.5,0,0,0,0,0,0,0,0.1,1.5
150,148,Jay Prosch,HOU,FB,15,4,9,2.2,0,1,1,6,0,0,0,0.1,1.5
151,152,Stepfan Taylor,ARI,RB,15,4,12,3.0,0,0,0,0,0,0,0,0.1,1.2
152,152,Terrence Magee,SEA,RB,2,3,12,4.0,0,0,0,0,0,0,0,0.6,1.2
153,154,Anthony Sherman,KC,FB,16,0,0,0.0,0,6,4,11,0,0,0,0.1,1.1
154,154,Bronson Hill,JAX,RB,3,2,11,5.5,0,1,0,0,0,0,0,0.4,1.1
155,154,Paul Lasike,CHI,RB,10,3,8,2.7,0,1,1,3,0,0,0,0.1,1.1
156,157,Lorenzo Taliaferro,BAL,RB,3,1,0,0.0,0,3,3,10,0,0,0,0.3,1.0
157,158,Stevan Ridley,ATL,RB,1,3,7,2.3,0,0,0,0,0,0,0,0.7,0.7
158,158,Joe Banyard,JAX,RB,1,2,7,3.5,0,0,0,0,0,0,0,0.7,0.7
159,158,Daryl Richardson,JAX,RB,3,2,7,3.5,0,0,0,0,0,0,0,0.2,0.7
160,161,Raheem Mostert,SF,RB,3,1,6,6.0,0,0,0,0,0,0,0,0.2,0.6
161,162,Roosevelt Nix,PIT,RB,10,0,0,0.0,0,2,2,5,0,0,0,0.0,0.5
162,163,Joique Bell,DET,RB,7,3,6,2.0,0,1,1,-2,0,0,0,0.1,0.4
163,163,Chase Reynolds,LAR,RB,16,0,0,0.0,0,1,1,4,0,0,0,0.0,0.4
164,163,Rod Smith,DAL,RB,7,0,0,0.0,0,1,1,4,0,0,0,0.1,0.4
165,166,Marcus Murphy,NO,RB,3,0,0,0.0,0,1,1,3,0,0,0,0.1,0.3
166,167,Will Tukuafu,SEA,FB,7,2,2,1.0,0,1,0,0,0,0,0,0.0,0.2
167,167,Khiry Robinson,NYJ,RB,1,8,22,2.8,0,0,0,0,0,1,1,0.2,0.2
168,169,Austin Johnson,TB,FB,1,0,0,0.0,0,0,0,0,0,0,0,0.0,0.0
169,169,Michael Burton,DET,FB,15,0,0,0.0,0,1,0,0,0,0,0,0.0,0.0
170,169,Julian Howsare,NYJ,RB,2,0,0,0.0,0,0,0,0,0,0,0,0.0,0.0
171,169,Russell Hansbrough,TB,RB,2,0,0,0.0,0,0,0,0,0,0,0,0.0,0.0
172,169,Aaron Green,LAR,RB,2,0,0,0.0,0,0,0,0,0,0,0,0.0,0.0
173,169,Glenn Gronkowski,BUF,FB,1,0,0,0.0,0,0,0,0,0,0,0,0.0,0.0
174,169,Joe Kerridge,GB,FB,8,1,0,0.0,0,0,0,0,0,0,0,0.0,0.0
175,169,Taniela Tupou,SEA,FB,1,0,0,0.0,0,0,0,0,0,0,0,0.0,0.0
176,177,Brandon Burks,NYJ,RB,1,2,-4,-2.0,0,0,0,0,0,0,0,-0.4,-0.4
177,178,Tyler Ervin,HOU,RB,12,1,3,3.0,0,5,3,18,0,3,2,-0.2,-1.9
0,1,Todd Gurley,LAR,RB,15,279,1305,4.7,13,87,64,788,6,5,2,21.3,319.3
1,2,Le'Veon Bell,PIT,RB,15,321,1291,4.0,9,106,85,655,2,3,2,17.1,256.6
2,3,Kareem Hunt,KC,RB,16,272,1327,4.9,8,63,53,455,3,1,1,15.1,242.2
3,4,Alvin Kamara,NO,RB,16,120,728,6.1,8,100,81,826,5,1,1,14.6,233.4
4,5,Melvin Gordon,LAC,RB,16,284,1105,3.9,8,83,58,476,4,1,0,14.4,230.1
5,6,Mark Ingram,NO,RB,16,230,1124,4.9,12,71,58,416,0,3,3,13.8,220.0
6,7,LeSean McCoy,BUF,RB,16,287,1138,4.0,6,77,59,448,2,3,1,12.8,204.6
7,8,Leonard Fournette,JAX,RB,13,268,1040,3.9,9,48,36,302,1,2,0,14.9,194.2
8,9,Ezekiel Elliott,DAL,RB,10,242,983,4.1,7,38,26,269,2,1,1,17.7,177.2
9,10,Jordan Howard,CHI,RB,16,276,1122,4.1,9,32,23,125,0,1,1,11.0,176.7
10,11,Carlos Hyde,SF,RB,16,240,940,3.9,8,88,59,350,0,2,1,10.9,175.0
11,12,Dion Lewis,NE,RB,16,180,896,5.0,6,36,32,214,3,0,0,10.3,165.0
12,13,Devonta Freeman,ATL,RB,14,196,865,4.4,7,47,36,317,1,4,1,11.7,164.2
13,14,Lamar Miller,HOU,RB,16,238,888,3.7,3,45,36,327,3,1,0,9.8,157.5
14,15,Christian McCaffrey,CAR,RB,16,117,435,3.7,2,113,80,651,5,2,1,9.3,148.6
15,16,Alex Collins,BAL,RB,15,212,973,4.6,6,36,23,187,0,4,2,9.9,148.0
16,17,CJ Anderson,DEN,RB,16,245,1007,4.1,3,40,28,224,1,1,1,9.2,147.1
17,18,Frank Gore,IND,RB,16,261,961,3.7,3,38,29,245,1,3,0,9.0,144.6
18,19,Marshawn Lynch,OAK,RB,15,207,891,4.3,7,31,20,151,0,1,1,9.6,144.2
19,20,Latavius Murray,MIN,RB,16,216,842,3.9,8,17,15,103,0,1,0,8.9,142.5
20,21,Duke Johnson,CLE,RB,16,82,348,4.2,4,93,74,693,3,4,2,8.9,142.1
21,22,Tevin Coleman,ATL,RB,15,156,628,4.0,5,39,27,299,3,1,0,9.4,140.7
22,23,DeMarco Murray,TEN,RB,15,184,659,3.6,6,47,39,266,1,1,1,8.8,132.5
23,24,Jerick McKinnon,MIN,RB,16,150,570,3.8,3,68,51,421,2,3,2,7.9,127.1
24,25,Derrick Henry,TEN,RB,16,176,744,4.2,5,17,11,136,1,1,0,7.8,124.0
25,26,Bilal Powell,NYJ,RB,15,178,772,4.3,5,33,23,170,0,1,1,8.1,122.2
26,27,Javorius Allen,BAL,RB,16,153,591,3.9,4,60,46,250,2,0,0,7.5,120.1
27,28,Orleans Darkwa,NYG,RB,15,171,751,4.4,5,28,19,116,0,1,0,7.9,118.7
28,29,Jamaal Williams,GB,RB,16,153,556,3.6,4,34,25,262,2,0,0,7.4,117.8
29,30,Isaiah Crowell,CLE,RB,16,206,853,4.1,2,42,28,182,0,1,1,7.2,115.5
30,31,Chris Thompson,WAS,RB,10,64,294,4.6,2,54,39,510,4,3,2,11.2,112.4
31,32,Joe Mixon,CIN,RB,14,178,626,3.5,4,34,30,287,0,3,2,8.0,111.3
32,33,Jay Ajayi,PHI,RB,14,208,873,4.2,1,34,24,158,1,3,2,7.9,111.1
33,34,Kenyan Drake,MIA,RB,16,133,644,4.8,3,48,32,239,1,2,2,6.9,110.3
34,35,Jonathan Stewart,CAR,RB,15,198,680,3.4,6,15,8,52,1,3,3,7.3,109.2
35,36,Giovani Bernard,CIN,RB,16,105,458,4.4,2,60,43,389,2,0,0,6.8,108.7
36,37,Theo Riddick,DET,RB,16,84,286,3.4,3,71,53,444,2,1,1,6.3,101.0
37,38,Rex Burkhead,NE,RB,10,64,264,4.1,5,36,30,254,3,1,0,10.0,99.8
38,39,LeGarrette Blount,PHI,RB,16,173,766,4.4,2,8,8,50,1,1,1,6.2,99.6
39,40,Ameer Abdullah,DET,RB,14,165,552,3.3,4,35,25,162,1,2,1,7.1,99.4
40,41,Tarik Cohen,CHI,RB,16,87,370,4.3,2,71,53,353,1,3,2,5.7,91.14
41,42,Samaje Perine,WAS,RB,16,175,603,3.4,1,24,22,182,1,2,2,5.4,86.5
42,43,Matt Forte,NYJ,RB,12,103,381,3.7,2,45,37,293,1,1,1,7.0,83.4
43,44,Matt Breida,SF,RB,16,105,465,4.4,2,36,21,180,1,1,0,5.2,82.5
44,45,Corey Clement,PHI,RB,16,74,321,4.3,4,15,10,123,2,0,0,5.2,82.4
45,46,Marlon Mack,IND,RB,14,93,358,3.8,3,33,21,225,1,1,0,5.9,82.3
46,47,Austin Ekeler,LAC,RB,16,47,260,5.5,2,35,27,279,3,2,2,5.0,79.9
47,48,James White,NE,RB,14,43,171,4.0,0,72,56,429,3,0,0,5.6,78.0
48,49,Rod Smith,DAL,RB,15,55,232,4.2,4,23,19,202,1,0,0,4.9,73.4
49,50,Aaron Jones,GB,RB,12,81,448,5.5,4,18,9,22,0,0,0,5.9,71.0
50,51,Wayne Gallman,NYG,RB,13,111,476,4.3,0,48,34,193,1,3,1,5.5,70.9
51,52,Peyton Barber,TB,RB,16,108,423,3.9,3,19,16,114,0,2,1,4.4,69.7
52,53,Ty Montgomery,GB,RB,8,71,273,3.8,3,31,23,173,1,0,0,8.6,68.6
53,54,Adrian Peterson,ARI,RB,10,156,529,3.4,2,19,11,70,0,3,2,6.8,67.9
54,55,Mike Gillislee,NE,RB,9,104,383,3.7,5,1,1,15,0,1,1,7.5,67.8
55,56,Doug Martin,TB,RB,11,138,406,2.9,3,18,9,84,0,1,1,6.1,67.0
56,57,Alfred Morris,DAL,RB,14,115,547,4.8,1,9,7,45,0,0,0,4.7,65.2
57,58,Chris Ivory,JAX,RB,14,112,382,3.4,1,28,21,175,1,2,2,4.6,63.7
58,59,JD McKissic,SEA,RB,13,46,187,4.1,1,46,34,266,2,0,0,4.9,63.3
59,60,Devontae Booker,DEN,RB,13,79,299,3.8,1,38,30,275,0,1,1,4.7,61.4
60,61,Elijah McGuire,NYJ,RB,16,88,315,3.6,1,26,17,177,1,2,2,3.7,59.2
61,62,Jalen Richard,OAK,RB,16,56,275,4.9,1,36,27,256,1,8,3,3.7,59.1
62,63,Kerwynn Williams,ARI,RB,16,120,426,3.6,1,15,10,93,0,0,0,3.6,57.9
63,64,TJ Yeldon,JAX,RB,10,49,253,5.2,2,41,30,224,0,2,1,5.8,57.7
64,65,Dalvin Cook,MIN,RB,4,74,354,4.8,2,16,11,90,0,1,1,13.6,54.4
65,66,Deandre Washington,OAK,RB,15,57,153,2.7,2,45,34,197,1,2,1,3.4,51.0
66,66,D'Onta Foreman,HOU,RB,10,78,327,4.2,2,8,6,83,0,2,1,5.1,51.0
67,68,Andre Ellington,HOU,RB,12,20,55,2.8,1,59,39,369,0,0,0,4.0,48.4
68,69,Charcandrick West,KC,RB,13,18,72,4.0,2,34,27,150,2,1,0,3.6,46.2
69,70,Jamaal Charles,DEN,RB,14,69,296,4.3,1,28,23,129,0,2,2,3.2,44.5
70,71,Shane Vereen,NYG,RB,16,45,164,3.6,0,53,44,253,0,0,0,2.5,39.7
71,72,Damien Williams,MIA,RB,11,46,181,3.9,0,28,20,155,1,0,0,3.6,39.6
72,73,Rob Kelley,WAS,RB,7,62,194,3.1,3,7,4,18,0,0,0,5.6,39.2
73,74,Corey Grant,JAX,RB,16,30,248,8.3,2,4,3,41,0,1,1,2.4,38.9
74,75,Charles Sims,TB,RB,16,21,95,4.5,0,47,35,249,1,1,1,2.4,38.4
75,76,Jacquizz Rodgers,TB,RB,16,64,244,3.8,1,11,9,74,0,0,0,2.4,37.8
76,77,Alfred Blue,HOU,RB,11,71,262,3.7,1,9,7,54,0,0,0,3.4,37.6
77,78,Mike Davis,SEA,RB,6,68,240,3.5,0,18,15,131,0,0,0,6.2,37.1
78,79,Benjamin Cunningham,CHI,RB,14,9,29,3.2,0,26,20,240,2,1,1,2.6,36.9
79,80,Kyle Juszczyk,SF,FB,14,7,31,4.4,0,42,33,315,1,2,2,2.6,36.6
80,81,Mike Tolbert,BUF,FB,12,66,247,3.7,1,17,14,78,0,2,1,3.0,36.5
81,82,Malcolm Brown,LAR,RB,11,63,246,3.9,1,11,9,53,0,1,0,3.3,35.9
82,83,Wendell Smallwood,PHI,RB,8,47,174,3.7,1,18,13,103,0,0,0,4.2,33.7
83,84,Chris Carson,SEA,RB,4,49,208,4.2,0,8,7,59,1,0,0,8.2,32.7
84,85,Tion Green,DET,RB,5,42,165,3.9,2,2,2,14,0,0,0,6.0,29.9
85,86,Elijhaa Penny,ARI,RB,16,31,124,4.0,2,6,4,38,0,0,0,1.8,28.2
86,87,Kapri Bibbs,WAS,RB,3,21,79,3.8,0,17,14,128,1,0,0,8.9,26.7
87,88,Terrance West,BAL,RB,5,39,138,3.5,2,4,2,23,0,1,1,5.2,26.1
88,89,Danny Woodhead,BAL,RB,8,14,56,4.0,0,39,33,200,0,0,0,3.2,25.6
89,90,Thomas Rawls,SEA,RB,12,58,157,2.7,0,13,9,94,0,1,1,1.9,23.1
90,91,Tommy Bohanon,JAX,FB,16,5,5,1.0,2,11,6,43,1,0,0,1.4,22.8
91,92,Eddie Lacy,SEA,RB,9,69,179,2.6,0,6,6,47,0,0,0,2.5,22.6
92,93,Travaris Cadet,BUF,RB,9,23,96,4.2,0,19,16,119,0,0,0,2.4,21.5
93,94,Patrick Ricard,BAL,FB,16,0,0,0.0,0,4,4,12,2,0,0,1.2,19.2
94,95,Kenjon Barner,PHI,RB,13,16,57,3.6,1,8,5,56,0,3,0,1.3,17.3
95,96,Robert Turbin,IND,RB,6,23,53,2.3,1,11,9,56,0,0,0,2.8,16.9
96,97,Stevan Ridley,PIT,RB,2,26,108,4.2,1,0,0,0,0,0,0,8.4,16.8
97,98,Nick Bellore,DET,RB,13,0,0,0.0,0,1,1,1,1,0,0,1.3,16.6
98,99,Chris Johnson,ARI,RB,4,45,114,2.5,0,6,5,43,0,0,0,3.9,15.7
99,99,Cameron Artis-Payne,CAR,RB,13,18,95,5.3,1,1,1,2,0,0,0,1.2,15.7
100,101,DJ Foster,ARI,RB,7,6,19,3.2,0,28,17,133,0,0,0,2.2,15.2
101,102,Anthony Sherman,KC,FB,16,14,40,2.9,1,8,6,47,0,0,0,0.9,14.7
102,103,James Conner,PIT,RB,14,32,144,4.5,0,1,0,0,0,0,0,1.0,14.4
103,104,CJ Ham,MIN,RB,16,7,13,1.9,1,8,7,68,0,0,0,0.9,14.1
104,105,Jamize Olawale,OAK,FB,12,9,43,4.8,1,7,6,33,0,1,0,1.1,13.6
105,105,Paul Perkins,NYG,RB,11,41,90,2.2,0,10,8,46,0,0,0,1.2,13.6
106,107,Jeremy Hill,CIN,RB,7,37,116,3.1,0,5,4,16,0,1,0,1.9,13.2
107,108,Roosevelt Nix,PIT,RB,16,3,0,0.0,1,3,2,6,1,0,0,0.8,12.6
108,109,Fozzy Whittaker,CAR,RB,12,7,18,2.6,0,6,5,47,1,0,0,1.0,12.5
109,110,Terron Ward,ATL,RB,14,30,129,4.3,0,3,3,14,0,1,1,0.9,12.3
110,111,Darren Sproles,PHI,RB,3,15,61,4.1,0,12,7,73,0,1,1,3.8,11.4
111,112,Lance Dunbar,LAR,RB,4,11,51,4.6,1,3,1,1,0,0,0,2.8,11.2
112,113,CJ Prosise,SEA,RB,5,11,23,2.1,0,11,6,87,0,0,0,2.2,11.0
113,114,Branden Oliver,LAC,RB,8,35,83,2.4,0,11,6,26,0,0,0,1.4,10.9
114,114,De'Angelo Henderson,DEN,RB,5,7,13,1.9,0,2,2,36,1,0,0,2.2,10.9
115,116,Trey Edmunds,NO,RB,16,9,48,5.3,1,0,0,0,0,0,0,0.7,10.8
116,117,Andy Janovich,DEN,FB,16,6,12,2.0,1,6,4,35,0,0,0,0.7,10.7
117,118,Zach Line,NO,FB,12,7,28,4.0,0,5,2,8,1,0,0,0.8,9.6
118,119,Zach Zenner,DET,RB,8,14,26,1.9,1,1,0,0,0,0,0,1.1,8.6
119,120,Brandon Bolden,NE,RB,16,13,67,5.2,0,4,1,7,0,0,0,0.5,7.4
120,121,Brian Hill,CIN,RB,7,11,37,3.4,0,2,2,36,0,0,0,1.0,7.3
121,122,David Johnson,ARI,RB,1,11,23,2.1,0,9,6,67,0,2,1,7.0,7.0
122,123,Byron Marshall,WAS,RB,4,9,32,3.6,0,8,6,36,0,0,0,1.7,6.8
123,124,Tre Madden,SEA,RB,8,0,0,0.0,0,2,2,65,0,0,0,0.8,6.5
124,125,Jalston Fowler,TEN,RB,10,2,4,2.0,1,1,0,0,0,0,0,0.6,6.4
125,126,Derek Watt,LAC,FB,16,6,24,4.0,0,3,2,35,0,0,0,0.4,5.9
126,127,Dwayne Washington,DET,RB,5,20,44,2.2,0,2,2,14,0,0,0,1.2,5.8
127,127,Alan Cross,TB,FB,8,0,0,0.0,0,6,5,58,0,0,0,0.7,5.8
128,129,Akeem Hunt,KC,RB,15,8,23,2.9,0,7,4,31,0,0,0,0.4,5.4
129,130,Aaron Ripkowski,GB,FB,16,5,13,2.6,0,10,7,39,0,0,0,0.3,5.2
130,131,Tyler Ervin,HOU,RB,4,4,12,3.0,0,11,8,38,0,0,0,1.2,5.0
131,132,Marcus Murphy,BUF,RB,1,7,41,5.9,0,2,2,7,0,0,0,4.8,4.8
132,133,Lawrence Thomas,NYJ,RB,14,2,1,0.5,0,7,6,43,0,0,0,0.3,4.4
133,134,Matt Dayes,CLE,RB,16,5,13,2.6,0,5,4,29,0,0,0,0.3,4.2
134,135,Mack Brown,MIN,RB,4,8,29,3.6,0,1,1,11,0,0,0,1.0,4.0
135,136,James Develin,NE,RB,16,0,0,0.0,0,10,6,38,0,0,0,0.2,3.8
136,137,Fitzgerald Toussaint,PIT,RB,6,6,25,4.2,0,3,2,9,0,0,0,0.6,3.4
137,138,Senorise Perry,MIA,RB,16,8,30,3.8,0,1,1,3,0,0,0,0.2,3.3
138,139,Jay Prosch,HOU,FB,16,0,0,0.0,0,4,4,31,0,0,0,0.2,3.1
139,140,Derrick Coleman,ATL,FB,16,2,8,4.0,0,7,2,20,0,0,0,0.2,2.8
140,141,De'Veon Smith,MIA,RB,5,0,0,0.0,0,3,3,27,0,0,0,0.5,2.7
141,142,Patrick DiMarco,BUF,FB,16,2,-2,-1.0,0,10,7,28,0,0,0,0.2,2.6
142,142,Keith Smith,DAL,FB,16,0,0,0.0,0,5,5,26,0,0,0,0.2,2.6
143,144,Andre Williams,LAC,RB,8,9,25,2.8,0,0,0,0,0,0,0,0.3,2.5
144,145,David Fluellen,TEN,RB,16,4,21,5.2,0,1,0,0,0,0,0,0.1,2.1
145,145,Josh Ferguson,IND,RB,10,1,5,5.0,0,4,3,16,0,0,0,0.2,2.1
146,147,Bobby Rainey,BAL,RB,4,1,2,2.0,0,7,5,18,0,0,0,0.5,2.0
147,148,Dan Vitale,CLE,FB,15,0,0,0.0,0,5,3,19,0,0,0,0.1,1.9
148,149,Michael Burton,CHI,FB,16,4,9,2.2,0,4,2,8,0,0,0,0.1,1.7
149,150,Matt Jones,IND,RB,5,5,14,2.8,0,0,0,0,0,0,0,0.3,1.4
150,150,Leshun Daniels Jr.,WAS,RB,4,3,14,4.7,0,0,0,0,0,0,0,0.4,1.4
151,152,Taiwan Jones,BUF,RB,8,0,0,0.0,0,2,1,11,0,0,0,0.1,1.1
152,153,Raheem Mostert,SF,RB,11,6,30,5.0,0,0,0,0,0,1,1,0.1,1.0
153,154,Terrell Watson,PIT,RB,10,5,8,1.6,0,0,0,0,0,0,0,0.1,0.8
154,155,Joe Kerridge,GB,FB,4,0,0,0.0,0,1,1,3,0,0,0,0.1,0.3
155,156,John Kuhn,NO,FB,2,1,2,2.0,0,0,0,0,0,0,0,0.1,0.2
156,157,Justin Davis,LAR,RB,4,1,1,1.0,0,0,0,0,0,0,0,0.0,0.1
157,158,CJ Spiller,KC,RB,1,2,0,0.0,0,2,0,0,0,0,0,0.0,0.0
158,158,Jordan Todman,HOU,RB,14,0,0,0.0,0,0,0,0,0,0,0,0.0,0.0
159,158,Joe Banyard,BUF,RB,3,0,0,0.0,0,0,0,0,0,0,0,0.0,0.0
160,158,Daniel Lasco,NO,RB,3,0,0,0.0,0,0,0,0,0,0,0,0.0,0.0
161,158,Taniela Tupou,ATL,FB,1,0,0,0.0,0,0,0,0,0,0,0,0.0,0.0
162,158,Alex Armah,CAR,RB,9,0,0,0.0,0,0,0,0,0,0,0,0.0,0.0
163,158,Marquez Williams,CLE,FB,1,0,0,0.0,0,1,0,0,0,0,0,0.0,0.0
164,158,Taquan Mizzell,CHI,RB,3,0,0,0.0,0,0,0,0,0,0,0,0.0,0.0
165,158,Shane Smith,NYG,FB,11,0,0,0.0,0,0,0,0,0,0,0,0.0,0.0
166,158,Elijah Hood,OAK,RB,1,0,0,0.0,0,0,0,0,0,0,0,0.0,0.0
167,158,Terrence Magee,ATL,RB,2,0,0,0.0,0,0,0,0,0,0,0,0.0,0.0
168,158,Jeremy McNichols,SF,RB,2,0,0,0.0,0,0,0,0,0,0,0,0.0,0.0
169,158,Jarveon Williams,CIN,RB,1,0,0,0.0,0,0,0,0,0,0,0,0.0,0.0
170,158,Dare Ogunbowale,WAS,RB,2,0,0,0.0,0,0,0,0,0,0,0,0.0,0.0
171,172,Darren McFadden,DAL,RB,1,1,-2,-2.0,0,0,0,0,0,0,0,-0.2,-0.2
172,172,Bronson Hill,ARI,RB,2,1,-2,-2.0,0,0,0,0,0,0,0,-0.1,-0.2
173,174,Devante Mays,GB,RB,8,4,1,0.2,0,3,3,0,0,2,1,-0.2,-1.9
