,Name,Team,Position,Receptions,ReceivingYards,ReceivingTouchdowns
0,Calvin Johnson,DET,WR,122,1964,5
1,Brandon Marshall,CHI,WR,118,1508,11
2,Dez Bryant,DAL,WR,92,1382,12
3,AJ Green,CIN,WR,97,1350,11
4,Demaryius Thomas,DEN,WR,94,1434,10
5,Vincent Jackson,TB,WR,72,1384,8
6,Eric Decker,DEN,WR,85,1064,13
7,Andre Johnson,HOU,WR,112,1598,4
8,Julio Jones,ATL,WR,79,1198,10
9,Roddy White,ATL,WR,92,1351,7
10,Wes Welker,NE,WR,118,1354,6
11,Marques Colston,NO,WR,83,1154,10
12,Victor Cruz,NYG,WR,86,1092,10
13,Michael Crabtree,SF,WR,85,1105,9
14,Reggie Wayne,IND,WR,106,1355,5
15,James Jones,GB,WR,64,784,14
16,Mike Williams,TB,WR,63,996,9
17,Randall Cobb,GB,WR,80,954,8
18,Steve Smith,CAR,WR,73,1174,4
19,Lance Moore,NO,WR,65,1041,6
20,Steve Johnson,BUF,WR,79,1046,6
21,Cecil Shorts,JAX,WR,55,979,7
22,Torrey Smith,BAL,WR,49,855,8
23,T.Y. Hilton,IND,WR,50,861,7
24,Mike Wallace,PIT,WR,64,836,8
25,Miles Austin,DAL,WR,66,943,6
26,Jeremy Maclin,PHI,WR,69,857,7
27,Brandon Lloyd,NE,WR,74,911,4
28,Justin Blackmon,JAX,WR,64,865,5
29,Jordy Nelson,GB,WR,49,745,7
30,Sidney Rice,SEA,WR,50,748,7
31,Anquan Boldin,BAL,WR,65,921,4
32,Golden Tate,SEA,WR,45,688,7
33,Denarius Moore,OAK,WR,51,741,7
34,Brian Hartline,MIA,WR,74,1083,1
35,Malcom Floyd,LAC,WR,56,814,5
36,Andre Roberts,ARI,WR,64,759,5
37,Josh Gordon,CLE,WR,50,805,5
38,Danario Alexander,LAC,WR,37,658,7
39,Antonio Brown,PIT,WR,66,787,5
40,Santana Moss,WAS,WR,41,573,8
41,Larry Fitzgerald,ARI,WR,71,798,4
42,Percy Harvin,MIN,WR,62,677,3
43,Brandon Gibson,LAR,WR,51,691,5
44,Nate Washington,TEN,WR,46,746,4
45,Donnie Avery,IND,WR,60,781,3
46,Dwayne Bowe,KC,WR,59,801,3
47,Brandon LaFell,CAR,WR,44,677,4
48,Pierre Garcon,WAS,WR,44,633,4
49,Darrius Heyward-Bey,OAK,WR,41,606,5
50,Jeremy Kerley,NYJ,WR,56,827,2
51,Chris Givens,LAR,WR,42,698,3
52,Greg Little,CLE,WR,53,647,4
53,Hakeem Nicks,NYG,WR,53,692,3
54,Kendall Wright,TEN,WR,64,626,4
55,Brandon Stokley,DEN,WR,45,544,5
56,Davone Bess,MIA,WR,61,778,1
57,Danny Amendola,LAR,WR,63,666,3
58,Kenny Britt,TEN,WR,45,589,4
59,DeSean Jackson,PHI,WR,45,700,2
60,Andrew Hawkins,CIN,WR,51,533,4
61,Rod Streater,OAK,WR,39,584,3
62,Leonard Hankerson,WAS,WR,38,543,3
63,Josh Morgan,WAS,WR,48,510,2
64,Domenik Hixon,NYG,WR,39,567,2
65,Kevin Ogletree,DAL,WR,32,436,4
66,Donald Jones,BUF,WR,41,443,4
67,Michael Floyd,ARI,WR,45,562,2
68,Emmanuel Sanders,PIT,WR,44,626,1
69,Jason Avant,PHI,WR,53,648,0
70,Titus Young,DET,WR,33,383,4
71,Kevin Walter,HOU,WR,41,518,2
72,Randy Moss,SF,WR,28,434,3
73,Greg Jennings,GB,WR,36,366,4
74,Michael Jenkins,MIN,WR,40,449,2
75,Joseph Morgan,NO,WR,10,379,3
76,Mario Manningham,SF,WR,42,449,1
77,Alshon Jeffery,CHI,WR,24,367,3
78,Tiquan Underwood,TB,WR,28,425,2
79,Doug Baldwin,SEA,WR,29,366,3
80,Austin Pettis,LAR,WR,30,261,4
81,Earl Bennett,CHI,WR,29,375,2
82,Mohamed Sanu,CIN,WR,16,154,4
83,Rueben Randle,NYG,WR,19,298,3
84,Jacoby Jones,BAL,WR,30,406,1
85,Travis Benjamin,CLE,WR,18,298,2
86,Harry Douglas,ATL,WR,38,395,1
87,Louis Murphy,CAR,WR,25,336,1
88,Jarius Wright,MIN,WR,22,310,2
89,Julian Edelman,NE,WR,21,235,3
90,Stephen Hill,NYJ,WR,21,252,3
91,Aldrick Robinson,WAS,WR,11,237,3
92,Ryan Broyles,DET,WR,22,310,2
93,Nate Burleson,DET,WR,27,240,2
94,Brad Smith,BUF,WR,14,152,2
95,Riley Cooper,PHI,WR,23,248,3
96,Chaz Schilens,NYJ,WR,28,289,2
97,Devery Henderson,NO,WR,22,316,1
98,TJ Graham,BUF,WR,31,322,1
99,Jonathan Baldwin,KC,WR,20,325,1
100,Damian Williams,TEN,WR,30,324,0
101,Robert Meachem,LAC,WR,14,207,2
102,Armon Binns,MIA,WR,24,277,1
103,Eddie Royal,LAC,WR,23,234,1
104,Santonio Holmes,NYJ,WR,20,272,1
105,Devin Hester,CHI,WR,23,242,1
106,Marvin Jones,CIN,WR,18,201,1
107,Dwayne Harris,DAL,WR,17,222,1
108,Kyle Williams,SF,WR,14,212,1
109,Jordan Shipley,JAX,WR,23,244,1
110,Brian Quick,LAR,WR,11,156,2
111,Micheal Spurlock,LAC,WR,23,200,1
112,Braylon Edwards,NYJ,WR,18,199,1
113,Derek Hagan,OAK,WR,20,259,0
114,Terrelle Pryor,OAK,WR,1,22,0
115,Jerome Simpson,MIN,WR,26,274,0
116,Mohamed Massaquoi,CLE,WR,17,254,0
117,Brandon Tate,CIN,WR,13,211,1
118,Clyde Gates,NYJ,WR,16,224,0
119,Laurent Robinson,JAX,WR,24,252,0
120,Juron Criner,OAK,WR,16,151,1
121,Damaris Johnson,PHI,WR,19,256,0
122,LaVon Brazill,IND,WR,11,186,1
123,Mike Thomas,DET,WR,18,108,1
124,Ramses Barden,NYG,WR,14,220,0
125,Early Doucet,ARI,WR,28,207,0
126,Lestar Jean,HOU,WR,6,151,1
127,Jerricho Cotchery,PIT,WR,17,205,0
128,Keshawn Martin,HOU,WR,10,85,1
129,Donald Driver,GB,WR,8,77,2
130,Marlon Moore,MIA,WR,6,116,1
131,Kris Durham,DET,WR,8,125,1
132,Tandon Doss,BAL,WR,7,123,1
133,Devin Aromashodu,MIN,WR,11,182,0
134,Rishard Matthews,MIA,WR,11,151,0
135,Deion Branch,NE,WR,16,145,0
136,Jordan Norwood,CLE,WR,13,137,0
137,Steve Smith,LAR,WR,14,131,0
138,Cole Beasley,DAL,WR,15,128,0
139,Donte' Stallworth,NE,WR,1,63,1
140,Armanti Edwards,CAR,WR,5,121,0
141,Kealoha Pilares,CAR,WR,2,42,1
142,Kevin Elliott,BUF,WR,10,108,0
143,Josh Cooper,CLE,WR,8,106,0
144,Brian Robiskie,DET,WR,4,44,1
145,Plaxico Burress,PIT,WR,3,42,1
146,Drew Davis,ATL,WR,4,40,1
147,Stephen Burton,MIN,WR,5,35,1
148,Matt Willis,DEN,WR,10,90,0
149,DeVier Posey,HOU,WR,6,87,0
150,Terrance Copper,KC,WR,8,79,0
151,Jason Hill,NYJ,WR,2,15,1
152,Steve Breaston,KC,WR,7,74,0
153,Jamar Newsome,KC,WR,5,73,0
154,Ben Obomanu,SEA,WR,4,58,0
155,Jabar Gaffney,MIA,WR,4,68,0
156,David Reed,BAL,WR,5,66,0
157,Lavelle Hawkins,TEN,WR,5,62,0
158,Michael Preston,TEN,WR,5,59,0
159,Devon Wylie,KC,WR,6,53,0
160,Ryan Whalen,CIN,WR,7,53,0
161,Brandon Banks,WAS,WR,8,15,0
162,Seyi Ajirotutu,LAC,WR,3,45,0
163,Joshua Cribbs,CLE,WR,7,63,0
164,Greg Camarillo,NO,WR,4,44,0
165,Arrelious Benn,TB,WR,4,26,0
166,Charly Martin,SEA,WR,4,42,0
167,Ruvell Martin,BUF,WR,4,41,0
168,Toney Clemons,JAX,WR,3,41,0
169,Andre Caldwell,DEN,WR,1,18,0
170,David Nelson,BUF,WR,2,31,0
171,Deonte Thompson,BAL,WR,5,51,0
172,Jermaine Kearse,SEA,WR,3,31,0
173,Jerrel Jernigan,NYG,WR,3,22,0
174,Jarrett Boykin,GB,WR,5,27,0
175,Eric Weems,CHI,WR,2,27,0
176,Kris Adams,IND,WR,2,26,0
177,Chris Owusu,TB,WR,1,24,0
178,Dezmon Briscoe,WAS,WR,2,22,0
179,Mardy Gilyard,NYJ,WR,2,15,0
180,Sammie Stroughter,TB,WR,1,14,0
181,Jordan White,NYJ,WR,1,13,0
182,Anthony Armstrong,DAL,WR,3,12,0
183,Andre Holmes,DAL,WR,2,11,0
184,Courtney Roby,NO,WR,1,9,0
185,LaRon Byrd,ARI,WR,1,8,0
186,David Gilreath,PIT,WR,0,0,0
187,Dane Sanzenbacher,CIN,WR,1,7,0
188,Preston Parker,TB,WR,0,0,0
189,Austin Collie,IND,WR,1,6,0
190,Stefan Logan,DET,WR,6,28,0
191,David Gettis,CAR,WR,0,0,0
192,Matthew Slater,NE,WR,0,0,0
193,Jeremy Ross,GB,WR,0,0,0
194,LaQuan Williams,BAL,WR,0,0,0
195,Junior Hemingway,KC,WR,0,0,0
196,David Douglas,TB,WR,0,0,0
197,DeMarco Cosby,JAX,WR,0,0,0
198,Kevin Cone,ATL,WR,0,0,0
199,Patrick Turner,NYJ,WR,0,0,0
200,AJ Jenkins,SF,WR,0,0,0
201,Joe Anderson,CHI,WR,0,0,0
202,Greg Salas,PHI,WR,0,0,0
203,Roscoe Parrish,TB,WR,0,0,0
204,Maurice Stovall,JAX,WR,0,0,0
205,Richard Goodman,LAC,WR,0,0,0
206,Marvin McNutt,PHI,WR,0,0,0
207,Marcus Easley,BUF,WR,0,0,0
208,Mike Brown,JAX,WR,0,0,0
209,Kamar Aiken,NE,WR,0,0,0
210,Kassim Osgood,DET,WR,0,0,0
211,Josh Bellamy,KC,WR,0,0,0
212,Jerrell Jackson,JAX,WR,0,0,0
213,Legedu Naanee,MIA,WR,1,19,0
214,Trindon Holliday,DEN,WR,2,17,0
215,Nathan Palmer,IND,WR,1,-4,0
216,Ted Ginn,SF,WR,2,1,0
217,Joe Adams,CAR,WR,1,7,0
0,Josh Gordon,CLE,WR,87,1646,9
1,Demaryius Thomas,DEN,WR,92,1430,14
2,Calvin Johnson,DET,WR,84,1492,12
3,AJ Green,CIN,WR,98,1426,11
4,Brandon Marshall,CHI,WR,100,1295,12
5,Dez Bryant,DAL,WR,93,1233,13
6,Antonio Brown,PIT,WR,110,1499,8
7,Alshon Jeffery,CHI,WR,89,1421,7
8,Eric Decker,DEN,WR,87,1288,11
9,DeSean Jackson,PHI,WR,82,1332,9
10,Jordy Nelson,GB,WR,85,1314,8
11,Andre Johnson,HOU,WR,109,1407,5
12,Pierre Garcon,WAS,WR,113,1346,5
13,Vincent Jackson,TB,WR,78,1224,7
14,Anquan Boldin,SF,WR,85,1179,7
15,Larry Fitzgerald,ARI,WR,82,954,10
16,Keenan Allen,LAC,WR,71,1046,8
17,Julian Edelman,NE,WR,105,1056,6
18,Terrelle Pryor,OAK,WR,0,0,0
19,T.Y. Hilton,IND,WR,82,1083,5
20,Torrey Smith,BAL,WR,65,1128,4
21,Marvin Jones,CIN,WR,51,712,10
22,Riley Cooper,PHI,WR,47,835,8
23,Wes Welker,DEN,WR,73,778,10
24,Michael Floyd,ARI,WR,65,1041,5
25,Mike Wallace,MIA,WR,73,930,5
26,Brian Hartline,MIA,WR,76,1016,4
27,Marques Colston,NO,WR,75,943,5
28,Golden Tate,SEA,WR,64,898,5
29,Victor Cruz,NYG,WR,73,998,4
30,Kendall Wright,TEN,WR,94,1079,2
31,Jerricho Cotchery,PIT,WR,46,602,10
32,Harry Douglas,ATL,WR,85,1067,2
33,Emmanuel Sanders,PIT,WR,67,740,6
34,Rod Streater,OAK,WR,60,888,4
35,Eddie Royal,LAC,WR,47,631,8
36,Nate Washington,TEN,WR,58,919,3
37,Doug Baldwin,SEA,WR,50,778,5
38,Cordarrelle Patterson,MIN,WR,45,469,4
39,Greg Jennings,MIN,WR,68,804,4
40,Terrance Williams,DAL,WR,44,736,5
41,Denarius Moore,OAK,WR,46,695,5
42,Steve Smith,CAR,WR,64,745,4
43,James Jones,GB,WR,59,817,3
44,Dwayne Bowe,KC,WR,57,673,5
45,Marlon Brown,BAL,WR,49,524,7
46,Cecil Shorts,JAX,WR,66,777,3
47,Rueben Randle,NYG,WR,41,611,6
48,Kenny Stills,NO,WR,32,641,5
49,Brandon LaFell,CAR,WR,49,627,5
50,Jarrett Boykin,GB,WR,49,681,3
51,DeAndre Hopkins,HOU,WR,52,802,2
52,Hakeem Nicks,NYG,WR,56,896,0
53,Ted Ginn,CAR,WR,36,556,5
54,Roddy White,ATL,WR,63,711,3
55,Tavon Austin,LAR,WR,40,418,4
56,Robert Woods,BUF,WR,40,587,3
57,Steve Johnson,BUF,WR,52,597,3
58,Jerome Simpson,MIN,WR,48,726,1
59,Aaron Dobson,NE,WR,37,519,4
60,Danny Amendola,NE,WR,54,633,2
61,Randall Cobb,GB,WR,31,433,4
62,Jeremy Kerley,NYJ,WR,43,523,3
63,Kenbrell Thompkins,NE,WR,32,466,4
64,Donnie Avery,KC,WR,40,596,2
65,Julio Jones,ATL,WR,41,580,2
66,Tiquan Underwood,TB,WR,24,440,4
67,Reggie Wayne,IND,WR,38,503,2
68,Austin Pettis,LAR,WR,38,399,4
69,Jarius Wright,MIN,WR,26,434,3
70,Ace Sanders,JAX,WR,51,484,1
71,Justin Hunter,TEN,WR,18,354,4
72,Andre Roberts,ARI,WR,43,471,2
73,Kris Durham,DET,WR,38,490,2
74,Greg Little,CLE,WR,41,465,2
75,Mohamed Sanu,CIN,WR,47,455,2
76,Jacoby Jones,BAL,WR,37,455,2
77,Rishard Matthews,MIA,WR,41,448,2
78,Jermaine Kearse,SEA,WR,22,346,4
79,Santana Moss,WAS,WR,42,452,2
80,Chris Givens,LAR,WR,34,569,0
81,Lance Moore,NO,WR,37,457,2
82,Leonard Hankerson,WAS,WR,30,375,3
83,Jason Avant,PHI,WR,38,447,2
84,Jerrel Jernigan,NYG,WR,29,329,2
85,Mike Brown,JAX,WR,32,446,2
86,David Nelson,NYJ,WR,36,423,2
87,Vincent Brown,LAC,WR,41,472,1
88,Santonio Holmes,NYJ,WR,23,456,1
89,Nate Burleson,DET,WR,39,461,1
90,Brandon Gibson,MIA,WR,30,326,3
91,Earl Bennett,CHI,WR,32,243,4
92,Andre Holmes,OAK,WR,25,431,1
93,Cole Beasley,DAL,WR,39,368,2
94,Davone Bess,CLE,WR,42,362,2
95,Aldrick Robinson,WAS,WR,18,365,2
96,TJ Graham,BUF,WR,23,361,2
97,Justin Blackmon,JAX,WR,29,415,1
98,Marquise Goodwin,BUF,WR,17,283,3
99,Robert Meachem,NO,WR,16,324,2
100,Brian Quick,LAR,WR,18,302,2
101,Darrius Heyward-Bey,IND,WR,29,309,1
102,Sidney Rice,SEA,WR,15,231,3
103,Kevin Ogletree,DET,WR,21,269,2
104,Andre Caldwell,DEN,WR,16,200,3
105,Stephen Hill,NYJ,WR,24,342,1
106,Griff Whalen,IND,WR,24,259,2
107,Keshawn Martin,HOU,WR,22,253,2
108,Michael Crabtree,SF,WR,19,284,1
109,Mike Williams,TB,WR,22,216,2
110,Drew Davis,ATL,WR,12,216,2
111,Stedman Bailey,LAR,WR,17,226,0
112,Da'Rick Rogers,IND,WR,14,192,2
113,Kerry Taylor,JAX,WR,22,229,1
114,Tandon Doss,BAL,WR,19,305,0
115,LaVon Brazill,IND,WR,12,161,2
116,Darius Johnson,ATL,WR,22,210,1
117,Miles Austin,DAL,WR,24,244,0
118,Josh Morgan,WAS,WR,20,214,0
119,Junior Hemingway,KC,WR,13,125,2
120,Andrew Hawkins,CIN,WR,12,199,0
121,Jaron Brown,ARI,WR,11,140,1
122,Dwayne Harris,DAL,WR,9,80,2
123,Damian Williams,TEN,WR,15,178,0
124,Michael Preston,TEN,WR,5,37,2
125,DeVier Posey,HOU,WR,15,155,0
126,Malcom Floyd,LAC,WR,6,149,0
127,Jeremy Ross,DET,WR,6,67,1
128,Greg Salas,NYJ,WR,8,143,0
129,AJ Jenkins,KC,WR,8,130,0
130,Kyle Williams,KC,WR,12,113,0
131,Brittan Golden,ARI,WR,4,136,0
132,Travis Benjamin,CLE,WR,5,105,0
133,Jeff Maehl,PHI,WR,4,67,1
134,Seyi Ajirotutu,LAC,WR,3,64,1
135,Clyde Gates,NYJ,WR,12,122,0
136,Josh Boyce,NE,WR,9,121,0
137,Brandon Stokley,BAL,WR,13,115,0
138,Domenik Hixon,CAR,WR,7,55,1
139,Chris Owusu,TB,WR,13,114,0
140,Brice Butler,OAK,WR,9,103,0
141,Deonte Thompson,BAL,WR,10,96,0
142,Kenny Britt,TEN,WR,11,96,0
143,Jacoby Ford,OAK,WR,13,99,0
144,Mario Manningham,SF,WR,9,85,0
145,Ryan Broyles,DET,WR,8,85,0
146,Chris Hogan,BUF,WR,10,83,0
147,Derek Moye,PIT,WR,2,20,1
148,Ricardo Lockette,SEA,WR,5,82,0
149,Louis Murphy,NYG,WR,6,37,1
150,Joshua Cribbs,NYJ,WR,2,6,0
151,Marlon Moore,MIA,WR,7,62,0
152,Nick Toon,NO,WR,4,68,0
153,Stephen Burton,JAX,WR,8,76,0
154,M White,GB,WR,9,66,0
155,Markus Wheaton,PIT,WR,6,64,0
156,Austin Collie,NE,WR,6,63,0
157,Dane Sanzenbacher,CIN,WR,6,61,0
158,Quinton Patton,SF,WR,3,34,0
159,Josh Cooper,CLE,WR,9,60,0
160,Patrick Edwards,DET,WR,5,46,0
161,Eric Page,TB,WR,4,68,0
162,Nick Williams,WAS,WR,3,15,0
163,Lestar Jean,HOU,WR,4,35,0
164,Juron Criner,OAK,WR,3,32,0
165,Lamaar Thomas,JAX,WR,2,31,0
166,Brad Smith,PHI,WR,2,27,0
167,Jonathan Baldwin,SF,WR,3,28,0
168,Skye Dawson,TB,WR,2,12,0
169,Chad Hall,KC,WR,2,20,0
170,Jeremy Ebert,JAX,WR,3,18,0
171,Kassim Osgood,SF,WR,1,17,0
172,Percy Harvin,SEA,WR,1,17,0
173,Tori Gurley,CLE,WR,1,15,0
174,Marcus Easley,BUF,WR,2,13,0
175,Marquess Wilson,CHI,WR,2,13,0
176,Brian Tyms,CLE,WR,2,12,0
177,Kevin Cone,ATL,WR,1,12,0
178,Armanti Edwards,CLE,WR,1,10,0
179,Eric Weems,CHI,WR,1,8,0
180,Ben Obomanu,NYJ,WR,1,8,0
181,Brandon Tate,CIN,WR,1,6,0
182,David Reed,IND,WR,1,2,0
183,Russell Shepard,TB,WR,0,0,0
184,Matthew Slater,NE,WR,0,0,0
185,Justin Veltung,LAR,WR,0,0,0
186,Michael Campbell,NYJ,WR,0,0,0
187,Stephen Williams,JAX,WR,0,0,0
188,Chris Harper,GB,WR,0,0,0
189,Joe Anderson,CHI,WR,0,0,0
190,J Talley,NYG,WR,0,0,0
191,Tobais Palmer,JAX,WR,0,0,0
192,Marvin McNutt,CAR,WR,0,0,0
193,Brian Robiskie,ATL,WR,0,0,0
194,Lance Lewis,WAS,WR,0,0,0
195,Micheal Spurlock,DET,WR,0,0,0
196,Bryan Walters,SEA,WR,0,0,0
197,Rodney Smith,MIN,WR,0,0,0
198,BJ Cunningham,PHI,WR,0,0,0
199,Ryan Whalen,CIN,WR,0,0,0
200,Lavelle Hawkins,LAC,WR,0,0,0
201,Josh Bellamy,WAS,WR,0,0,0
202,Ryan Spadola,MIA,WR,0,0,0
203,Rodney Austin,DET,WR,0,0,0
204,Johnny Knox,JAX,WR,0,0,0
205,Saalim Hakim,NYJ,WR,0,0,0
206,Damaris Johnson,PHI,WR,2,14,0
207,Devin Hester,CHI,WR,0,0,0
208,Devon Wylie,TEN,WR,0,0,0
209,Trindon Holliday,DEN,WR,0,0,0
0,Antonio Brown,PIT,WR,129,1698,13
1,Demaryius Thomas,DEN,WR,111,1619,11
2,Jordy Nelson,GB,WR,98,1519,13
3,Dez Bryant,DAL,WR,88,1320,16
4,Odell Beckham Jr,NYG,WR,91,1305,12
5,Randall Cobb,GB,WR,91,1287,12
6,Emmanuel Sanders,DEN,WR,101,1404,9
7,Julio Jones,ATL,WR,104,1593,6
8,Jeremy Maclin,PHI,WR,86,1329,10
9,Mike Evans,TB,WR,68,1051,12
10,Alshon Jeffery,CHI,WR,85,1133,10
11,T.Y. Hilton,IND,WR,82,1345,7
12,Golden Tate,DET,WR,99,1331,4
13,Calvin Johnson,DET,WR,71,1077,8
14,DeAndre Hopkins,HOU,WR,76,1210,6
15,DeSean Jackson,WAS,WR,56,1169,6
16,Kelvin Benjamin,CAR,WR,73,1008,9
17,Mike Wallace,MIA,WR,67,862,10
18,Torrey Smith,BAL,WR,49,767,11
19,Steve Smith,BAL,WR,79,1065,6
20,Brandon LaFell,NE,WR,74,953,7
21,Anquan Boldin,SF,WR,83,1062,5
22,AJ Green,CIN,WR,69,1041,6
23,Jordan Matthews,PHI,WR,67,872,8
24,Sammy Watkins,BUF,WR,65,982,6
25,Roddy White,ATL,WR,80,921,7
26,Julian Edelman,NE,WR,92,972,4
27,Eric Decker,NYJ,WR,74,962,5
28,Mohamed Sanu,CIN,WR,56,790,5
29,Malcom Floyd,LAC,WR,52,856,6
30,Eddie Royal,LAC,WR,62,778,7
31,Michael Floyd,ARI,WR,47,841,6
32,Marques Colston,NO,WR,59,902,5
33,Brandon Marshall,CHI,WR,61,721,8
34,Rueben Randle,NYG,WR,71,938,3
35,Kenny Stills,NO,WR,63,931,3
36,Kendall Wright,TEN,WR,57,715,6
37,Greg Jennings,MIN,WR,59,742,6
38,Vincent Jackson,TB,WR,70,1002,2
39,Terrance Williams,DAL,WR,37,621,8
40,Andre Johnson,HOU,WR,85,936,3
41,Martavis Bryant,PIT,WR,26,549,8
42,Allen Hurns,JAX,WR,51,677,6
43,Doug Baldwin,SEA,WR,66,825,3
44,James Jones,OAK,WR,73,666,6
45,Robert Woods,BUF,WR,65,699,5
46,John Brown,ARI,WR,48,696,5
47,Keenan Allen,LAC,WR,77,783,4
48,Jarvis Landry,MIA,WR,84,758,5
49,Andrew Hawkins,CLE,WR,63,825,2
50,Michael Crabtree,SF,WR,68,698,4
51,Kenny Britt,LAR,WR,48,748,3
52,Andre Holmes,OAK,WR,47,693,4
53,Pierre Garcon,WAS,WR,68,752,3
54,Larry Fitzgerald,ARI,WR,63,784,2
55,Reggie Wayne,IND,WR,64,779,2
56,Brandin Cooks,NO,WR,53,550,3
57,Percy Harvin,NYJ,WR,51,483,1
58,Markus Wheaton,PIT,WR,53,644,2
59,Jarius Wright,MIN,WR,42,588,2
60,Nate Washington,TEN,WR,40,647,2
61,Dwayne Bowe,KC,WR,60,754,0
62,Riley Cooper,PHI,WR,55,577,3
63,Devin Hester,ATL,WR,38,504,2
64,Harry Douglas,ATL,WR,51,556,2
65,Taylor Gabriel,CLE,WR,37,629,1
66,Miles Austin,CLE,WR,47,568,2
67,Allen Robinson,JAX,WR,48,548,2
68,Justin Hunter,TEN,WR,28,498,3
69,Jerricho Cotchery,CAR,WR,48,580,1
70,Cecil Shorts,JAX,WR,53,557,1
71,Hakeem Nicks,IND,WR,38,405,4
72,Donte Moncrief,IND,WR,32,444,3
73,Chris Hogan,BUF,WR,41,426,4
74,Davante Adams,GB,WR,38,446,3
75,Cole Beasley,DAL,WR,37,420,4
76,Jermaine Kearse,SEA,WR,38,537,1
77,Steve Johnson,SF,WR,35,435,3
78,Charles Johnson,MIN,WR,31,475,2
79,Cordarrelle Patterson,MIN,WR,33,384,1
80,Brian Hartline,MIA,WR,39,474,2
81,Tavon Austin,LAR,WR,31,242,0
82,Wes Welker,DEN,WR,49,464,2
83,Jeremy Kerley,NYJ,WR,38,409,1
84,Brian Quick,LAR,WR,25,375,3
85,Andre Roberts,WAS,WR,36,453,2
86,Preston Parker,NYG,WR,36,418,2
87,Stedman Bailey,LAR,WR,30,435,1
88,Travis Benjamin,CLE,WR,18,314,3
89,Louis Murphy,TB,WR,31,380,2
90,Corey Brown,CAR,WR,21,296,2
91,Marqise Lee,JAX,WR,37,422,1
92,Kamar Aiken,BAL,WR,24,267,3
93,Jason Avant,KC,WR,34,353,1
94,Damaris Johnson,HOU,WR,31,331,1
95,Brice Butler,OAK,WR,21,280,2
96,Victor Cruz,NYG,WR,23,337,1
97,Brandon Gibson,MIA,WR,29,295,1
98,Brandon Lloyd,SF,WR,14,294,1
99,Jaron Brown,ARI,WR,22,229,2
100,Lance Moore,PIT,WR,14,198,2
101,Jeremy Ross,DET,WR,24,314,1
102,Paul Richardson,SEA,WR,29,271,1
103,De'Anthony Thomas,KC,WR,23,156,0
104,Ricardo Lockette,SEA,WR,11,195,2
105,Derek Hagan,TEN,WR,19,254,1
106,Josh Gordon,CLE,WR,24,303,0
107,Bruce Ellington,SF,WR,6,62,2
108,Kenbrell Thompkins,OAK,WR,21,262,0
109,Albert Wilson,KC,WR,16,260,0
110,Danny Amendola,NE,WR,27,200,1
111,Nick Toon,NO,WR,17,215,1
112,Rishard Matthews,MIA,WR,12,135,2
113,Marlon Brown,BAL,WR,24,255,0
114,Brandon Tate,CIN,WR,17,193,1
115,Greg Salas,NYJ,WR,8,167,0
116,Corey Fuller,DET,WR,14,202,1
117,Chris Givens,LAR,WR,11,159,1
118,Eric Weems,ATL,WR,10,102,2
119,Chris Owusu,NYJ,WR,6,78,1
120,Brenton Bersin,CAR,WR,13,151,1
121,Mike Williams,BUF,WR,8,142,1
122,Ted Ginn,ARI,WR,14,190,0
123,Marquess Wilson,CHI,WR,17,140,1
124,Adam Thielen,MIN,WR,8,137,1
125,Austin Pettis,LAR,WR,12,118,1
126,Michael Campanaro,BAL,WR,7,102,1
127,Josh Morgan,CHI,WR,10,70,1
128,Joseph Morgan,NO,WR,4,92,0
129,Dontrelle Inman,LAC,WR,12,158,0
130,Donnie Avery,KC,WR,15,176,0
131,TJ Graham,NYJ,WR,3,87,1
132,Rod Streater,OAK,WR,9,84,1
133,Brian Tyms,NE,WR,5,82,1
134,James Wright,CIN,WR,5,91,0
135,Vincent Brown,OAK,WR,12,118,0
136,Robert Herron,TB,WR,6,58,1
137,Santana Moss,WAS,WR,10,116,0
138,Robert Meachem,NO,WR,7,114,0
139,Corey Washington,NYG,WR,5,52,1
140,Junior Hemingway,KC,WR,12,108,0
141,Jacoby Jones,BAL,WR,9,131,0
142,Kevin Norwood,SEA,WR,9,102,0
143,Denarius Moore,OAK,WR,12,115,0
144,AJ Jenkins,KC,WR,9,93,0
145,Josh Huff,PHI,WR,8,98,0
146,Dane Sanzenbacher,CIN,WR,9,105,0
147,Dwayne Harris,DAL,WR,7,116,0
148,Keshawn Martin,HOU,WR,6,78,0
149,Justin Brown,PIT,WR,12,94,0
150,Greg Little,CIN,WR,6,69,0
151,Mike Brown,JAX,WR,7,88,0
152,Ryan Grant,WAS,WR,7,68,0
153,Santonio Holmes,CHI,WR,8,67,0
154,David Nelson,NYJ,WR,8,65,0
155,Russell Shepard,TB,WR,4,63,0
156,Bryan Walters,SEA,WR,6,57,0
157,Kris Durham,TEN,WR,6,54,0
158,Marquise Goodwin,BUF,WR,1,42,0
159,Kevin Ogletree,NYG,WR,5,50,0
160,Andre Caldwell,DEN,WR,5,47,0
161,Jeff Maehl,PHI,WR,5,46,0
162,Frankie Hammond,KC,WR,4,45,0
163,Seyi Ajirotutu,LAC,WR,4,45,0
164,Quinton Patton,SF,WR,3,44,0
165,Aaron Dobson,NE,WR,3,38,0
166,Jerrel Jernigan,NYG,WR,6,40,0
167,Ace Sanders,JAX,WR,6,55,0
168,DeVier Posey,HOU,WR,1,30,0
169,Ryan Broyles,DET,WR,2,25,0
170,Cody Latimer,DEN,WR,2,23,0
171,Jarrett Boykin,GB,WR,3,23,0
172,Solomon Patton,TB,WR,0,0,0
173,Devin Street,DAL,WR,2,18,0
174,Jeff Janis,GB,WR,2,16,0
175,Damian Williams,LAR,WR,1,14,0
176,Darrius Heyward-Bey,PIT,WR,3,33,0
177,Tavarres King,TB,WR,2,13,0
178,Courtney Roby,ATL,WR,1,11,0
179,Micheal Spurlock,CHI,WR,1,8,0
180,Joshua Cribbs,IND,WR,1,8,0
181,Aldrick Robinson,WAS,WR,1,6,0
182,Kevin Dorsey,GB,WR,1,4,0
183,Griff Whalen,IND,WR,2,23,0
184,Freddie Martino,ATL,WR,0,0,0
185,Drew Davis,ATL,WR,0,0,0
186,Marcus Easley,BUF,WR,0,0,0
187,Deonte Thompson,BUF,WR,0,0,0
188,Josh Bellamy,CHI,WR,0,0,0
189,Marc Mariani,CHI,WR,0,0,0
190,Rashad Ross,CHI,WR,0,0,0
191,Marlon Moore,CLE,WR,0,0,0
192,LaRon Byrd,CLE,WR,0,0,0
193,Tommy Streeter,JAX,WR,0,0,0
194,Rodney Smith,CLE,WR,0,0,0
195,Josh Boyce,NE,WR,0,0,0
196,Matthew Slater,NE,WR,0,0,0
197,J Talley,NYG,WR,0,0,0
198,M Harris,NYG,WR,0,0,0
199,Quincy Enunwa,NYJ,WR,0,0,0
200,Saalim Hakim,NYJ,WR,0,0,0
201,Brad Smith,PHI,WR,0,0,0
202,Chris Matthews,SEA,WR,0,0,0
203,Phil Bates,CLE,WR,0,0,0
204,Kassim Osgood,SF,WR,0,0,0
205,Trindon Holliday,SF,WR,0,0,0
206,Rico Richardson,TEN,WR,0,0,0
207,Leonard Hankerson,WAS,WR,0,0,0
208,Chris Williams,CHI,WR,0,0,0
209,Jalen Saunders,NO,WR,1,7,0
210,Isaiah Burse,DEN,WR,0,0,0
211,Walter Powell,NYJ,WR,0,0,0
0,Antonio Brown,PIT,WR,136,1834,10
1,Julio Jones,ATL,WR,136,1871,8
2,Brandon Marshall,NYJ,WR,109,1502,14
3,Allen Robinson,JAX,WR,80,1400,14
4,Odell Beckham Jr,NYG,WR,96,1450,13
5,DeAndre Hopkins,HOU,WR,111,1521,11
6,Doug Baldwin,SEA,WR,78,1069,14
7,AJ Green,CIN,WR,86,1297,10
8,Calvin Johnson,DET,WR,88,1214,9
9,Eric Decker,NYJ,WR,80,1027,12
10,Larry Fitzgerald,ARI,WR,109,1215,9
11,Brandin Cooks,NO,WR,84,1138,9
12,Demaryius Thomas,DEN,WR,105,1304,6
13,Allen Hurns,JAX,WR,64,1031,10
14,Jarvis Landry,MIA,WR,110,1157,4
15,Sammy Watkins,BUF,WR,60,1047,9
16,Jeremy Maclin,KC,WR,87,1088,8
17,Emmanuel Sanders,DEN,WR,76,1135,6
18,Michael Crabtree,OAK,WR,85,922,9
19,Jordan Matthews,PHI,WR,85,997,8
20,John Brown,ARI,WR,65,1003,7
21,T.Y. Hilton,IND,WR,69,1124,5
22,James Jones,GB,WR,50,890,8
23,Tavon Austin,LAR,WR,52,473,5
24,Amari Cooper,OAK,WR,72,1070,6
25,Ted Ginn,CAR,WR,44,739,10
26,Mike Evans,TB,WR,74,1206,3
27,Randall Cobb,GB,WR,79,829,6
28,Rueben Randle,NYG,WR,57,797,8
29,Travis Benjamin,CLE,WR,68,966,5
30,Kamar Aiken,BAL,WR,75,944,5
31,Michael Floyd,ARI,WR,52,849,6
32,Martavis Bryant,PIT,WR,50,765,6
33,Golden Tate,DET,WR,90,813,6
34,Willie Snead,NO,WR,69,984,3
35,Pierre Garcon,WAS,WR,72,777,6
36,Julian Edelman,NE,WR,61,692,7
37,Donte Moncrief,IND,WR,64,733,6
38,Marvin Jones,CIN,WR,65,816,4
39,Markus Wheaton,PIT,WR,44,749,5
40,Alshon Jeffery,CHI,WR,54,807,4
41,Tyler Lockett,SEA,WR,51,664,6
42,Terrance Williams,DAL,WR,52,840,3
43,Anquan Boldin,SF,WR,69,789,4
44,Jermaine Kearse,SEA,WR,49,685,5
45,Stefon Diggs,MIN,WR,52,720,4
46,Keenan Allen,LAC,WR,67,725,4
47,Torrey Smith,SF,WR,33,663,4
48,Rishard Matthews,MIA,WR,43,662,4
49,Nate Washington,HOU,WR,47,658,4
50,Kenny Britt,LAR,WR,36,681,3
51,Steve Smith,BAL,WR,46,670,3
52,Danny Amendola,NE,WR,65,648,3
53,Dorial Green-Beckham,TEN,WR,32,549,4
54,Seth Roberts,OAK,WR,32,480,5
55,Cole Beasley,DAL,WR,52,536,5
56,Marques Colston,NO,WR,45,520,4
57,Devin Funchess,CAR,WR,31,473,5
58,DeSean Jackson,WAS,WR,30,528,4
59,Jamison Crowder,WAS,WR,59,604,2
60,Andre Johnson,IND,WR,41,503,4
61,Vincent Jackson,TB,WR,33,543,3
62,Corey Brown,CAR,WR,31,447,4
63,Malcom Floyd,LAC,WR,30,561,3
64,Robert Woods,BUF,WR,47,552,3
65,Devante Parker,MIA,WR,27,529,3
66,Jerricho Cotchery,CAR,WR,39,485,3
67,Cecil Shorts,HOU,WR,42,484,2
68,Steve Johnson,LAC,WR,45,497,3
69,Dwayne Harris,NYG,WR,36,396,4
70,Dontrelle Inman,LAC,WR,35,486,3
71,Brian Hartline,CLE,WR,46,523,2
72,Kenny Stills,MIA,WR,27,440,3
73,Kendall Wright,TEN,WR,36,408,3
74,Mike Wallace,MIN,WR,39,473,2
75,Albert Wilson,KC,WR,35,451,2
76,Mohamed Sanu,CIN,WR,33,394,0
77,Dez Bryant,DAL,WR,31,401,3
78,Chris Hogan,BUF,WR,36,450,2
79,Brandon Coleman,NO,WR,30,454,2
80,Roddy White,ATL,WR,43,506,1
81,Davante Adams,GB,WR,50,483,1
82,Lance Moore,DET,WR,29,337,4
83,Marquess Wilson,CHI,WR,28,464,1
84,Brandon LaFell,NE,WR,37,515,0
85,Leonard Hankerson,BUF,WR,26,327,3
86,Harry Douglas,TEN,WR,36,411,2
87,Josh Huff,PHI,WR,27,312,3
88,Quinton Patton,SF,WR,30,394,1
89,Jarius Wright,MIN,WR,34,442,0
90,Riley Cooper,PHI,WR,21,327,2
91,Andre Holmes,OAK,WR,14,201,4
92,Darrius Heyward-Bey,PIT,WR,21,314,2
93,Chris Givens,BAL,WR,20,353,1
94,Bryan Walters,JAX,WR,32,368,1
95,JJ Nelson,ARI,WR,11,299,2
96,Ryan Grant,WAS,WR,23,268,2
97,Keshawn Martin,NE,WR,24,269,2
98,Jeremy Butler,BAL,WR,31,363,0
99,Josh Bellamy,CHI,WR,19,224,2
100,Jaelen Strong,HOU,WR,14,161,3
101,Justin Hunter,TEN,WR,22,264,1
102,Nelson Agholor,PHI,WR,23,283,1
103,Adam Humphries,TB,WR,27,260,1
104,Quincy Enunwa,NYJ,WR,22,315,0
105,Percy Harvin,BUF,WR,19,218,1
106,Eddie Royal,CHI,WR,37,238,1
107,Marqise Lee,JAX,WR,15,191,1
108,Miles Austin,PHI,WR,13,224,1
109,Phillip Dorsett,IND,WR,18,225,1
110,Nick Williams,ATL,WR,17,159,2
111,Marc Mariani,CHI,WR,22,300,0
112,Andrew Hawkins,CLE,WR,27,276,0
113,De'Anthony Thomas,KC,WR,17,140,1
114,Jeremy Kerley,NYJ,WR,16,152,2
115,Greg Jennings,MIA,WR,19,208,1
116,Chris Conley,KC,WR,17,199,1
117,Brice Butler,DAL,WR,12,258,0
118,Rashad Ross,WAS,WR,8,184,1
119,Stedman Bailey,LAR,WR,12,182,1
120,Taylor Gabriel,CLE,WR,28,241,0
121,Adam Thielen,MIN,WR,12,144,0
122,Griff Whalen,IND,WR,20,214,1
123,Rashad Greene,JAX,WR,19,93,2
124,Chris Matthews,BAL,WR,13,151,1
125,Jordan Norwood,DEN,WR,22,207,0
126,Jaron Brown,ARI,WR,11,144,1
127,Bennie Fowler,DEN,WR,16,203,0
128,Louis Murphy,TB,WR,10,198,0
129,Andre Caldwell,DEN,WR,10,72,2
130,Justin Hardy,ATL,WR,21,194,0
131,Donteea Dye,TB,WR,11,132,1
132,Javontee Herndon,LAC,WR,24,195,0
133,TJ Jones,DET,WR,10,132,1
134,Kenbrell Thompkins,NYJ,WR,17,165,0
135,Devin Smith,NYJ,WR,9,115,1
136,Devin Street,DAL,WR,7,114,1
137,Tyrell Williams,LAC,WR,2,90,1
138,M White,NYG,WR,7,88,1
139,Marlon Moore,CLE,WR,7,81,1
140,Aaron Dobson,NE,WR,13,141,0
141,Bruce Ellington,SF,WR,13,153,0
142,Andre Roberts,WAS,WR,11,135,0
143,Keith Mumphery,HOU,WR,14,129,0
144,Ricardo Lockette,SEA,WR,4,69,1
145,Charles Johnson,MIN,WR,9,127,0
146,Cameron Meredith,CHI,WR,11,120,0
147,Cody Latimer,DEN,WR,6,59,1
148,Brandon Tate,CIN,WR,2,59,1
149,Jason Avant,KC,WR,15,119,0
150,Bradley Marquez,LAR,WR,14,119,0
151,Marcus Easley,BUF,WR,1,58,1
152,Darius Jennings,CLE,WR,14,117,0
153,Jerome Simpson,SF,WR,5,54,1
154,Marlon Brown,BAL,WR,14,112,0
155,Michael Campanaro,BAL,WR,5,35,0
156,Jared Abbrederis,GB,WR,9,111,0
157,Lucky Whitehead,DAL,WR,6,16,0
158,Brian Quick,LAR,WR,10,102,0
159,Wes Welker,LAR,WR,13,102,0
160,Brenton Bersin,CAR,WR,9,119,0
161,Russell Shepard,TB,WR,3,28,1
162,Deonte Thompson,CHI,WR,2,81,0
163,Chris Owusu,NYJ,WR,6,80,0
164,Jeff Janis,GB,WR,2,79,0
165,Tre McBride,TEN,WR,2,8,1
166,Daniel Brown,BAL,WR,6,64,0
167,Corey Fuller,DET,WR,4,76,0
168,Hakeem Nicks,NYG,WR,7,54,0
169,Dwayne Bowe,CLE,WR,5,53,0
170,Preston Parker,NYG,WR,5,43,0
171,Kevin Smith,SEA,WR,3,43,0
172,Greg Salas,BUF,WR,3,41,0
173,Terrelle Pryor,CLE,WR,1,42,0
174,Paul Richardson,SEA,WR,1,40,0
175,Jeremy Ross,OAK,WR,9,88,0
176,Andrew Turzilli,TEN,WR,2,25,0
177,Marquise Goodwin,BUF,WR,2,24,0
178,TJ Graham,NO,WR,4,24,0
179,Vincent Brown,LAC,WR,1,22,0
180,Geremy Davis,NYG,WR,2,21,0
181,Darren Waller,BAL,WR,2,18,0
182,Deandrew White,SF,WR,2,18,0
183,Tyler Murphy,PIT,WR,1,16,0
184,Eric Weems,ATL,WR,1,11,0
185,Mario Alford,CIN,WR,1,15,0
186,Chandler Worthy,HOU,WR,3,14,0
187,Kasen Williams,SEA,WR,1,8,0
188,Jonathan Krause,PHI,WR,2,11,0
189,Sammie Coates,PIT,WR,1,11,0
190,Ben Edwards,NYG,WR,1,9,0
191,Tony Washington,JAX,WR,0,0,0
192,Rod Streater,OAK,WR,1,8,0
193,Damaris Johnson,TEN,WR,0,0,0
194,Brittan Golden,ARI,WR,1,5,0
195,Cordarrelle Patterson,MIN,WR,2,10,0
196,Seyi Ajirotutu,PHI,WR,1,4,0
197,Devin Hester,ATL,WR,0,0,0
198,Kaelin Clay,BAL,WR,0,0,0
199,Dezmin Lewis,BUF,WR,0,0,0
200,Kevin Norwood,CAR,WR,0,0,0
201,Rannell Hall,CLE,WR,0,0,0
202,Vince Mayle,DAL,WR,0,0,0
203,Quan Bray,IND,WR,0,0,0
204,Neal Sterling,JAX,WR,0,0,0
205,Saalim Hakim,KC,WR,0,0,0
206,Nick Toon,LAR,WR,0,0,0
207,Tony Lippett,MIA,WR,0,0,0
208,Matt Hazel,MIA,WR,0,0,0
209,Matthew Slater,NE,WR,0,0,0
210,Joseph Morgan,BAL,WR,0,0,0
211,Seantavious Jones,NO,WR,0,0,0
212,Walter Powell,BUF,WR,0,0,0
213,Evan Spencer,TB,WR,0,0,0
214,Rico Richardson,TEN,WR,0,0,0
215,Je'Ron Hamm,SF,WR,0,0,0
216,Chris Harper,NE,WR,1,6,0
217,Denarius Moore,BUF,WR,0,0,0
218,Frankie Hammond,KC,WR,0,0,0
219,Jacoby Jones,PIT,WR,0,0,0
0,Mike Evans,TB,WR,96,1321,12
1,Jordy Nelson,GB,WR,97,1257,14
2,Antonio Brown,PIT,WR,106,1284,12
3,Odell Beckham Jr,NYG,WR,101,1367,10
4,T.Y. Hilton,IND,WR,91,1448,6
5,Julio Jones,ATL,WR,83,1409,6
6,Davante Adams,GB,WR,75,997,12
7,Brandin Cooks,NO,WR,78,1173,8
8,Michael Thomas,NO,WR,92,1137,9
9,Doug Baldwin,SEA,WR,94,1128,7
10,Michael Crabtree,OAK,WR,89,1003,8
11,Amari Cooper,OAK,WR,82,1149,5
12,Tyrell Williams,LAC,WR,69,1059,7
13,Rishard Matthews,TEN,WR,65,945,9
14,Tyreek Hill,KC,WR,61,593,6
15,Jarvis Landry,MIA,WR,94,1136,4
16,Larry Fitzgerald,ARI,WR,107,1023,6
17,Terrelle Pryor,CLE,WR,77,1007,4
18,Demaryius Thomas,DEN,WR,90,1083,5
19,Kelvin Benjamin,CAR,WR,63,941,7
20,Emmanuel Sanders,DEN,WR,79,1032,5
21,Julian Edelman,NE,WR,98,1106,3
22,Golden Tate,DET,WR,91,1077,4
23,Mike Wallace,BAL,WR,72,1017,4
24,Dez Bryant,DAL,WR,50,796,8
25,Kenny Britt,LAR,WR,68,1002,5
26,Kenny Stills,MIA,WR,42,726,9
27,Allen Robinson,JAX,WR,73,883,6
28,Adam Thielen,MIN,WR,69,967,5
29,DeSean Jackson,WAS,WR,56,1005,4
30,Jamison Crowder,WAS,WR,67,847,7
31,Pierre Garcon,WAS,WR,79,1041,3
32,Brandon LaFell,CIN,WR,64,862,6
33,AJ Green,CIN,WR,66,964,4
34,Willie Snead,NO,WR,72,895,4
35,DeAndre Hopkins,HOU,WR,78,954,4
36,Sterling Shepard,NYG,WR,65,683,8
37,Marvin Jones,DET,WR,55,930,4
38,Cole Beasley,DAL,WR,75,833,5
39,Steve Smith,BAL,WR,70,799,5
40,Cameron Meredith,CHI,WR,66,888,4
41,Quincy Enunwa,NYJ,WR,58,857,4
42,Marqise Lee,JAX,WR,63,851,3
43,Stefon Diggs,MIN,WR,84,903,3
44,Anquan Boldin,DET,WR,67,584,8
45,JJ Nelson,ARI,WR,34,568,6
46,Ted Ginn,CAR,WR,54,752,4
47,Taylor Gabriel,ATL,WR,35,579,6
48,Dontrelle Inman,LAC,WR,58,810,4
49,Jordan Matthews,PHI,WR,73,804,3
50,Devante Parker,MIA,WR,56,744,4
51,Brandon Marshall,NYJ,WR,59,788,3
52,Alshon Jeffery,CHI,WR,52,821,2
53,Chris Hogan,NE,WR,38,680,4
54,Mohamed Sanu,ATL,WR,59,653,4
55,Tavon Austin,LAR,WR,58,509,3
56,Randall Cobb,GB,WR,60,610,4
57,Travis Benjamin,LAC,WR,47,677,4
58,Tyler Lockett,SEA,WR,41,597,1
59,Jeremy Kerley,SF,WR,64,667,3
60,Terrance Williams,DAL,WR,44,594,4
61,Michael Floyd,NE,WR,37,488,5
62,Adam Humphries,TB,WR,55,622,2
63,Eli Rogers,PIT,WR,48,594,3
64,Will Fuller,HOU,WR,47,635,2
65,Brian Quick,LAR,WR,41,564,3
66,Seth Roberts,OAK,WR,38,397,5
67,Robby Anderson,NYJ,WR,42,587,2
68,Donte Moncrief,IND,WR,30,307,7
69,Tyler Boyd,CIN,WR,54,603,1
70,Breshad Perriman,BAL,WR,33,499,3
71,Robert Woods,BUF,WR,51,613,1
72,Phillip Dorsett,IND,WR,33,528,2
73,Allen Hurns,JAX,WR,35,477,3
74,Jeremy Maclin,KC,WR,44,536,2
75,John Brown,ARI,WR,39,517,2
76,Tajae Sharpe,TEN,WR,41,522,2
77,Malcolm Mitchell,NE,WR,32,401,4
78,Devin Funchess,CAR,WR,23,371,4
79,Victor Cruz,NYG,WR,39,586,1
80,Cordarrelle Patterson,MIN,WR,52,453,2
81,Kendall Wright,TEN,WR,29,416,3
82,Marquise Goodwin,BUF,WR,29,431,3
83,Corey Coleman,CLE,WR,33,413,3
84,Jermaine Kearse,SEA,WR,41,511,1
85,Sammie Coates,PIT,WR,21,435,2
86,Sammy Watkins,BUF,WR,28,430,2
87,Chris Conley,KC,WR,44,530,0
88,Nelson Agholor,PHI,WR,36,365,2
89,Dorial Green-Beckham,PHI,WR,36,392,2
90,Albert Wilson,KC,WR,31,279,2
91,Andrew Hawkins,CLE,WR,33,324,3
92,Eddie Royal,CHI,WR,33,369,2
93,Russell Shepard,TB,WR,23,341,2
94,Danny Amendola,NE,WR,23,243,4
95,Brandon Coleman,NO,WR,26,281,3
96,Torrey Smith,SF,WR,20,267,3
97,Aldrick Robinson,ATL,WR,20,323,2
98,Justin Hardy,ATL,WR,21,203,4
99,Justin Hunter,BUF,WR,10,189,4
100,Quinton Patton,SF,WR,37,408,0
101,Brice Butler,DAL,WR,16,219,3
102,Kamar Aiken,BAL,WR,29,328,1
103,Josh Bellamy,CHI,WR,19,282,1
104,Darrius Heyward-Bey,PIT,WR,6,114,2
105,Cobi Hamilton,PIT,WR,17,234,2
106,Paul Richardson,SEA,WR,21,288,1
107,Deonte Thompson,CHI,WR,22,249,2
108,Bryan Walters,JAX,WR,24,231,2
109,Corey Brown,CAR,WR,27,276,1
110,Geronimo Allison,GB,WR,12,202,2
111,Eric Decker,NYJ,WR,9,194,2
112,Rod Streater,SF,WR,18,191,2
113,Jordan Taylor,DEN,WR,16,209,2
114,Andre Holmes,OAK,WR,14,126,3
115,Tanner McEvoy,SEA,WR,9,140,2
116,Chester Rogers,IND,WR,19,273,0
117,Bennie Fowler,DEN,WR,11,145,2
118,Jeff Janis,GB,WR,11,93,1
119,Jaron Brown,ARI,WR,11,187,1
120,Charone Peake,NYJ,WR,19,186,0
121,Jalin Marshall,NYJ,WR,14,162,2
122,Charles Johnson,MIN,WR,20,232,0
123,Andre Roberts,DET,WR,14,188,1
124,Marquess Wilson,CHI,WR,9,160,1
125,Roger Lewis,NYG,WR,7,97,2
126,Jordan Norwood,DEN,WR,18,214,1
127,Harry Douglas,TEN,WR,15,210,0
128,Andre Johnson,TEN,WR,9,85,2
129,Darren Waller,BAL,WR,10,85,2
130,Ricardo Louis,CLE,WR,18,205,0
131,Freddie Martino,TB,WR,8,142,1
132,Cody Core,CIN,WR,17,200,0
133,Kevin White,CHI,WR,19,187,0
134,Josh Huff,TB,WR,16,113,1
135,Daniel Brown,CHI,WR,16,124,1
136,Arrelious Benn,JAX,WR,5,116,1
137,Vincent Jackson,TB,WR,15,173,0
138,Brandon Tate,BUF,WR,8,117,0
139,Braxton Miller,HOU,WR,15,99,1
140,Cecil Shorts,TB,WR,11,152,0
141,Greg Salas,BUF,WR,4,89,1
142,Walter Powell,BUF,WR,14,142,0
143,Chris Harper,SF,WR,13,133,0
144,Markus Wheaton,PIT,WR,4,51,1
145,Jaelen Strong,HOU,WR,14,131,0
146,Jarius Wright,MIN,WR,11,67,1
147,Paul Turner,PHI,WR,9,126,0
148,Brittan Golden,ARI,WR,8,82,1
149,Neal Sterling,JAX,WR,12,110,0
150,Lucky Whitehead,DAL,WR,3,48,0
151,Demarcus Ayers,PIT,WR,6,53,1
152,James Wright,CIN,WR,13,106,0
153,Jeremy Ross,ARI,WR,4,37,1
154,TJ Jones,DET,WR,5,93,0
155,Leonte Carroo,MIA,WR,3,29,1
156,Tommylee Lewis,NO,WR,7,76,0
157,Bryce Treggs,PHI,WR,3,80,0
158,Pharoh Cooper,LAR,WR,14,106,0
159,Rashard Higgins,CLE,WR,6,77,0
160,Cody Latimer,DEN,WR,8,76,0
161,Ryan Grant,WAS,WR,9,76,0
162,Wendall Williams,HOU,WR,4,75,0
163,Michael Campanaro,BAL,WR,0,0,0
164,Alex Erickson,CIN,WR,6,71,0
165,Keith Mumphery,HOU,WR,10,69,0
166,Aaron Burbridge,SF,WR,7,88,0
167,Josh Doctson,WAS,WR,2,66,0
168,Maurice Harris,WAS,WR,8,66,0
169,Chris Moore,BAL,WR,7,46,0
170,De'Anthony Thomas,KC,WR,7,35,0
171,Trevor Davis,GB,WR,3,24,1
172,Keenan Allen,LAC,WR,6,63,0
173,Nick Williams,ATL,WR,5,59,0
174,Johnny Holton,OAK,WR,2,34,0
175,Dwayne Harris,NYG,WR,1,13,1
176,Ifeanyi Momah,ARI,WR,2,50,0
177,Tavarres King,NYG,WR,2,50,0
178,Quan Bray,IND,WR,3,36,0
179,Bradley Marquez,LAR,WR,3,37,0
180,Shane Wynn,JAX,WR,1,19,0
181,DeAndre Smelter,SF,WR,1,23,0
182,Griff Whalen,NE,WR,2,22,0
183,Devin Street,IND,WR,1,20,0
184,Devin Smith,NYJ,WR,1,20,0
185,Percy Harvin,BUF,WR,2,6,0
186,Brenton Bersin,CAR,WR,2,17,0
187,Mike Thomas,LAR,WR,3,37,0
188,Damiere Byrd,CAR,WR,1,16,0
189,Marc Mariani,TEN,WR,0,0,0
190,Laquon Treadwell,MIN,WR,1,15,0
191,Je'Ron Hamm,SF,WR,2,13,0
192,Rashad Greene,JAX,WR,5,32,0
193,Jeremy Butler,LAC,WR,2,11,0
194,Tony Washington,JAX,WR,1,9,0
195,Rashad Ross,WAS,WR,1,8,0
196,Jared Abbrederis,GB,WR,1,8,0
197,Paul McRoberts,LAR,WR,1,6,0
198,George Farmer,SEA,WR,1,4,0
199,Jordan Payton,CLE,WR,1,3,0
200,Eric Weems,ATL,WR,0,0,0
201,Isaiah Burse,LAC,WR,0,0,0
202,Vince Mayle,BAL,WR,0,0,0
203,Tony Lippett,MIA,WR,0,0,0
204,Geremy Davis,LAC,WR,0,0,0
205,Dezmin Lewis,BUF,WR,0,0,0
206,Mario Alford,CLE,WR,0,0,0
207,Tre McBride,TEN,WR,0,0,0
208,Kasen Williams,SEA,WR,0,0,0
209,Donteea Dye,TB,WR,0,0,0
210,Isaac Fruechte,MIN,WR,0,0,0
211,Demarcus Robinson,KC,WR,0,0,0
212,Daniel Braverman,CHI,WR,0,0,0
213,Rashawn Scott,MIA,WR,0,0,0
214,Tevaun Smith,IND,WR,0,0,0
215,Jake Lampman,NO,WR,0,0,0
216,Bralon Addison,CHI,WR,1,11,0
217,Matthew Slater,NE,WR,0,0,0
218,Jakeem Grant,MIA,WR,0,0,0
219,Devin Hester,BAL,WR,0,0,0
220,Keshawn Martin,SF,WR,0,0,0
221,Khalif Raymond,DEN,WR,0,0,0
0,DeAndre Hopkins,HOU,WR,96,1378,13
1,Antonio Brown,PIT,WR,101,1533,9
2,Keenan Allen,LAC,WR,102,1393,6
3,Tyreek Hill,KC,WR,75,1183,7
4,Marvin Jones,DET,WR,61,1101,9
5,Julio Jones,ATL,WR,88,1444,3
6,Brandin Cooks,NE,WR,65,1082,7
7,Michael Thomas,NO,WR,104,1245,5
8,Larry Fitzgerald,ARI,WR,109,1156,6
9,AJ Green,CIN,WR,75,1078,8
10,Adam Thielen,MIN,WR,91,1276,4
11,Davante Adams,GB,WR,74,885,10
12,Doug Baldwin,SEA,WR,75,991,8
13,Jarvis Landry,MIA,WR,112,987,9
14,Alshon Jeffery,PHI,WR,57,789,9
15,Robby Anderson,NYJ,WR,63,941,7
16,Stefon Diggs,MIN,WR,64,849,8
17,Juju Smith-Schuster,PIT,WR,58,917,7
18,Golden Tate,DET,WR,92,1003,5
19,Mike Evans,TB,WR,71,1001,5
20,Devin Funchess,CAR,WR,63,840,8
21,Nelson Agholor,PHI,WR,62,768,8
22,Demaryius Thomas,DEN,WR,83,949,5
23,T.Y. Hilton,IND,WR,57,966,4
24,Dez Bryant,DAL,WR,69,838,6
25,Kenny Stills,MIA,WR,58,847,6
26,Cooper Kupp,LAR,WR,62,869,5
27,Michael Crabtree,OAK,WR,58,618,8
28,Marquise Goodwin,SF,WR,56,962,2
29,Jermaine Kearse,NYJ,WR,65,810,5
30,Amari Cooper,OAK,WR,48,680,7
31,Mohamed Sanu,ATL,WR,67,703,5
32,Robert Woods,LAR,WR,56,781,5
33,Sammy Watkins,LAR,WR,39,593,8
34,Ted Ginn,NO,WR,53,787,4
35,Paul Richardson,SEA,WR,44,703,6
36,Rishard Matthews,TEN,WR,53,795,4
37,Mike Wallace,BAL,WR,52,748,4
38,Tyrell Williams,LAC,WR,43,728,4
39,Jamison Crowder,WAS,WR,66,789,3
40,Randall Cobb,GB,WR,66,653,4
41,Marqise Lee,JAX,WR,56,702,3
42,Keelan Cole,JAX,WR,42,748,3
43,Travis Benjamin,LAC,WR,34,567,4
44,DeSean Jackson,TB,WR,50,668,3
45,Kelvin Benjamin,BUF,WR,48,692,3
46,Sterling Shepard,NYG,WR,59,731,2
47,Will Fuller,HOU,WR,28,423,7
48,Josh Doctson,WAS,WR,35,502,6
49,Jordy Nelson,GB,WR,53,482,6
50,Martavis Bryant,PIT,WR,50,603,3
51,Ryan Grant,WAS,WR,45,573,4
52,Danny Amendola,NE,WR,61,659,2
53,Chris Hogan,NE,WR,34,439,5
54,Albert Wilson,KC,WR,42,554,3
55,Tyler Lockett,SEA,WR,45,555,2
56,Devante Parker,MIA,WR,57,670,1
57,Brandon LaFell,CIN,WR,52,548,3
58,Jaron Brown,ARI,WR,31,477,4
59,Adam Humphries,TB,WR,61,631,1
60,Emmanuel Sanders,DEN,WR,47,555,2
61,Kendall Wright,CHI,WR,59,614,1
62,Deonte Thompson,BUF,WR,38,555,2
63,Kenny Golladay,DET,WR,28,477,3
64,JJ Nelson,ARI,WR,29,508,2
65,Eric Decker,TEN,WR,54,563,1
66,Jeremy Maclin,BAL,WR,40,440,3
67,Allen Hurns,JAX,WR,39,484,2
68,Chris Godwin,TB,WR,34,525,1
69,Terrance Williams,DAL,WR,53,568,0
70,Cole Beasley,DAL,WR,36,314,4
71,Cordarrelle Patterson,OAK,WR,31,309,0
72,Torrey Smith,PHI,WR,36,430,2
73,Roger Lewis,NYG,WR,36,416,2
74,Bennie Fowler,DEN,WR,29,350,3
75,Trent Taylor,SF,WR,43,430,2
76,Donte Moncrief,IND,WR,26,391,2
77,Brandon Coleman,NO,WR,23,364,3
78,Pierre Garcon,SF,WR,40,500,0
79,Brice Butler,DAL,WR,15,317,3
80,Odell Beckham Jr,NYG,WR,25,302,3
81,John Brown,ARI,WR,21,299,3
82,Taylor Gabriel,ATL,WR,33,378,1
83,TJ Jones,DET,WR,30,399,1
84,Seth Roberts,OAK,WR,43,455,1
85,Bruce Ellington,HOU,WR,29,330,2
86,Josh Bellamy,CHI,WR,24,376,1
87,Zay Jones,BUF,WR,27,316,2
88,Cody Latimer,DEN,WR,19,287,2
89,Corey Coleman,CLE,WR,23,305,2
90,Tavarres King,NYG,WR,18,240,3
91,Chris Moore,BAL,WR,18,248,3
92,Rashard Higgins,CLE,WR,27,312,2
93,Dontrelle Inman,CHI,WR,25,343,1
94,Justin Hardy,ATL,WR,20,221,3
95,Dede Westbrook,JAX,WR,27,339,1
96,Josh Gordon,CLE,WR,18,335,1
97,Aldrick Robinson,SF,WR,19,260,2
98,Kenny Britt,NE,WR,20,256,2
99,Johnny Holton,OAK,WR,9,218,3
100,Ricardo Louis,CLE,WR,27,357,0
101,Corey Davis,TEN,WR,34,375,0
102,Chester Rogers,IND,WR,23,284,1
103,Tyler Boyd,CIN,WR,22,225,2
104,Taywan Taylor,TEN,WR,16,231,1
105,Jordan Matthews,BUF,WR,25,282,1
106,Jarius Wright,MIN,WR,18,198,2
107,Jakeem Grant,MIA,WR,13,203,2
108,Tavon Austin,LAR,WR,13,56,0
109,Andre Holmes,BUF,WR,13,120,3
110,Terrelle Pryor,WAS,WR,20,240,1
111,Mack Hollins,PHI,WR,16,226,1
112,Russell Shepard,CAR,WR,17,202,1
113,Michael Campanaro,BAL,WR,19,173,1
114,De'Anthony Thomas,KC,WR,14,143,2
115,Kendrick Bourne,SF,WR,16,257,0
116,Jeremy Kerley,NYJ,WR,22,217,1
117,Damiere Byrd,CAR,WR,10,105,2
118,Alex Erickson,CIN,WR,12,180,1
119,Geronimo Allison,GB,WR,23,253,0
120,Braxton Miller,HOU,WR,19,162,1
121,Demarcus Robinson,KC,WR,21,212,0
122,Phillip Dorsett,NE,WR,12,194,0
123,Laquon Treadwell,MIN,WR,20,200,0
124,Eli Rogers,PIT,WR,18,149,1
125,Louis Murphy,SF,WR,8,121,1
126,Curtis Samuel,CAR,WR,15,115,0
127,Chris Conley,KC,WR,11,175,0
128,Tommylee Lewis,NO,WR,10,116,1
129,Josh Reynolds,LAR,WR,11,104,1
130,Jaydon Mickens,JAX,WR,6,77,2
131,Brandon Marshall,NYG,WR,18,154,0
132,Tre McBride,CHI,WR,8,144,0
133,Jordan Taylor,DEN,WR,13,142,0
134,Brandon Tate,BUF,WR,6,81,1
135,Darrius Heyward-Bey,PIT,WR,2,47,0
136,Kamar Aiken,IND,WR,15,133,0
137,Daniel Brown,CHI,WR,13,129,0
138,Brenton Bersin,CAR,WR,8,128,0
139,Josh Malone,CIN,WR,6,63,1
140,Maurice Harris,WAS,WR,4,62,1
141,Marvin Hall,ATL,WR,2,60,1
142,Hunter Sharp,NYG,WR,5,54,1
143,Ardarius Stewart,NYJ,WR,6,82,0
144,Travis Rudolph,NYG,WR,8,101,0
145,Jaelen Strong,JAX,WR,3,38,1
146,Freddie Martino,TB,WR,5,96,0
147,Mike Williams,LAC,WR,11,95,0
148,Chad Hansen,NYJ,WR,9,94,0
149,Mike Thomas,LAR,WR,5,93,0
150,Kaelin Clay,CAR,WR,6,85,0
151,Jesus Wilson,TB,WR,1,18,1
152,Kasen Williams,CLE,WR,9,84,0
153,Chris Thompson,HOU,WR,5,84,0
154,Justin Hunter,PIT,WR,4,23,1
155,Trevor Davis,GB,WR,5,70,0
156,Neal Sterling,NYJ,WR,6,82,0
157,Michael Floyd,MIN,WR,10,78,0
158,Breshad Perriman,BAL,WR,10,77,0
159,Brian Quick,WAS,WR,6,76,0
160,Tanner McEvoy,SEA,WR,5,113,0
161,Willie Snead,NO,WR,8,92,0
162,Amara Darboh,SEA,WR,8,71,0
163,Brittan Golden,ARI,WR,5,70,0
164,Sammie Coates,CLE,WR,6,70,0
165,Pharoh Cooper,LAR,WR,11,84,0
166,Leonte Carroo,MIA,WR,7,69,0
167,Bryce Treggs,CLE,WR,5,79,0
168,Chad Williams,ARI,WR,3,31,0
169,Vince Mayle,BAL,WR,0,0,0
170,Markus Wheaton,CHI,WR,3,51,0
171,Ifeanyi Momah,ARI,WR,1,46,0
172,Jared Abbrederis,DET,WR,3,44,0
173,Michael Clark,GB,WR,4,41,0
174,Quan Bray,IND,WR,3,39,0
175,Bernard Reedy,NE,WR,2,21,0
176,Tanner Gentry,CHI,WR,3,35,0
177,Noah Brown,DAL,WR,4,33,0
178,Jojo Natson,NYJ,WR,2,18,0
179,Nick Williams,ATL,WR,3,30,0
180,Jordan Leslie,CLE,WR,1,26,0
181,Ryan Switzer,DAL,WR,6,41,0
182,Chris Matthews,BAL,WR,3,25,0
183,Marcus Johnson,PHI,WR,5,45,0
184,Deandrew White,HOU,WR,1,24,0
185,Griff Whalen,BAL,WR,4,23,0
186,Jehu Chesson,KC,WR,2,18,0
187,Allen Robinson,JAX,WR,1,17,0
188,Darius Powe,NYG,WR,2,13,0
189,Arrelious Benn,JAX,WR,1,12,0
190,Jeff Janis,GB,WR,2,12,0
191,Shelton Gibson,PHI,WR,2,11,0
192,Harry Douglas,TEN,WR,1,8,0
193,Cobi Hamilton,HOU,WR,1,8,0
194,Kevin White,CHI,WR,2,6,0
195,Eric Weems,TEN,WR,1,5,0
196,Larry Pinkard,JAX,WR,1,5,0
197,Maxwell McCaffrey,SF,WR,1,4,0
198,Charone Peake,NYJ,WR,1,3,0
199,Matt Hazel,CLE,WR,1,1,0
200,Matthew Slater,NE,WR,0,0,0
201,Dwayne Harris,NYG,WR,0,0,0
202,Bradley Marquez,DET,WR,0,0,0
203,Cody Core,CIN,WR,0,0,0
204,Rashawn Scott,MIA,WR,0,0,0
205,Ed Eagan,NYG,WR,0,0,0
206,Andy Jones,DET,WR,0,0,0
207,Stacy Coley,MIN,WR,0,0,0
208,Austin Carr,NO,WR,0,0,0
209,Victor Bolden Jr.,SF,WR,0,0,0
210,Marcus Kemp,KC,WR,0,0,0
211,Krishawn Hogan,IND,WR,0,0,0
212,Justin Hardee,NO,WR,0,0,0
213,Geremy Davis,LAC,WR,0,0,0
214,Jace Billingsley,DET,WR,0,0,0
215,David Moore,SEA,WR,0,0,0
216,KJ Brent,IND,WR,0,0,0
217,Isaac Whitney,OAK,WR,0,0,0
218,Robert Davis,WAS,WR,0,0,0
219,Mose Frazier,CAR,WR,0,0,0
220,Marquis Bundy,NYG,WR,0,0,0
221,Lance Lenoir,DAL,WR,0,0,0
222,Quincy Adeboyejo,BAL,WR,0,0,0
223,Isaiah McKenzie,DEN,WR,4,29,0
224,Andre Roberts,ATL,WR,1,12,0
225,John Ross,CIN,WR,0,0,0
226,Khalif Raymond,NYG,WR,1,12,0
0,Tyreek Hill,KC,WR,34,567,6
1,Adam Thielen,MIN,WR,58,712,4
2,Emmanuel Sanders,DEN,WR,46,603,3
3,Davante Adams,GB,WR,47,557,6
4,Antonio Brown,PIT,WR,40,478,6
5,DeAndre Hopkins,HOU,WR,44,657,3
6,Robert Woods,LAR,WR,36,524,3
7,AJ Green,CIN,WR,33,494,5
8,Cooper Kupp,LAR,WR,30,438,5
9,Calvin Ridley,ATL,WR,22,349,6
10,Julio Jones,ATL,WR,44,708,0
11,Juju Smith-Schuster,PIT,WR,42,561,2
12,Tyler Boyd,CIN,WR,37,455,4
13,DeSean Jackson,TB,WR,21,501,3
14,Tyler Lockett,SEA,WR,23,360,5
15,Stefon Diggs,MIN,WR,40,435,3
16,Albert Wilson,MIA,WR,23,359,4
17,Michael Thomas,NO,WR,46,519,3
18,Mike Evans,TB,WR,33,484,3
19,Golden Tate,DET,WR,33,431,3
20,Odell Beckham Jr,NYG,WR,45,506,1
21,John Brown,BAL,WR,21,424,3
22,Kenny Golladay,DET,WR,27,428,3
23,Brandin Cooks,LAR,WR,28,505,1
24,Demaryius Thomas,DEN,WR,33,372,3
25,Jordy Nelson,OAK,WR,22,323,3
26,Keenan Allen,LAC,WR,36,434,1
27,Tyrell Williams,LAC,WR,16,310,3
28,Mohamed Sanu,ATL,WR,22,303,3
29,Dede Westbrook,JAX,WR,27,387,2
30,Will Fuller,HOU,WR,21,311,3
31,Sterling Shepard,NYG,WR,31,341,2
32,Kenny Stills,MIA,WR,15,276,3
33,Jarvis Landry,CLE,WR,31,392,1
34,Chris Godwin,TB,WR,21,249,4
35,Michael Crabtree,BAL,WR,30,343,2
36,Taylor Gabriel,CHI,WR,27,303,2
37,Mike Williams,LAC,WR,16,253,3
38,Corey Davis,TEN,WR,27,385,1
39,Christian Kirk,ARI,WR,28,368,1
40,Devin Funchess,CAR,WR,23,312,2
41,Marvin Jones,DET,WR,16,241,3
42,T.Y. Hilton,IND,WR,21,294,2
43,Cole Beasley,DAL,WR,26,294,2
44,Geronimo Allison,GB,WR,19,289,2
45,Allen Robinson,CHI,WR,24,281,2
46,Robby Anderson,NYJ,WR,14,270,3
47,Alshon Jeffery,PHI,WR,18,218,3
48,Nelson Agholor,PHI,WR,32,303,1
49,Sammy Watkins,KC,WR,22,272,1
50,Keelan Cole,JAX,WR,25,336,1
51,Willie Snead,BAL,WR,30,313,1
52,Marquise Goodwin,SF,WR,9,180,3
53,Courtland Sutton,DEN,WR,14,246,2
54,Terrelle Pryor,NYJ,WR,14,235,2
55,Donte Moncrief,JAX,WR,18,249,2
56,Amari Cooper,OAK,WR,22,280,1
57,Chris Hogan,NE,WR,15,221,2
58,Chester Rogers,IND,WR,28,255,1
59,Paul Richardson,WAS,WR,16,212,2
60,Ryan Grant,IND,WR,26,270,1
61,Quincy Enunwa,NYJ,WR,22,287,1
62,Larry Fitzgerald,ARI,WR,26,255,1
63,Phillip Dorsett,NE,WR,19,190,2
64,Jakeem Grant,MIA,WR,14,184,2
65,David Moore,SEA,WR,7,124,3
66,Tavon Austin,DAL,WR,7,130,2
67,Rashard Higgins,CLE,WR,16,244,1
68,Ted Ginn,NO,WR,12,135,2
69,Antonio Callaway,CLE,WR,15,186,1
70,Marquez Valdes-Scantling,GB,WR,12,212,1
71,Cordarrelle Patterson,NE,WR,11,114,2
72,Josh Gordon,NE,WR,10,141,2
73,Zay Jones,BUF,WR,16,199,1
74,Keke Coutee,HOU,WR,20,193,1
75,Torrey Smith,CAR,WR,12,110,2
76,Tre'Quan Smith,NO,WR,4,129,2
77,Laquon Treadwell,MIN,WR,19,180,1
78,Kendrick Bourne,SF,WR,10,120,2
79,Randall Cobb,GB,WR,17,194,1
80,Jamison Crowder,WAS,WR,13,134,1
81,D.J. Moore,CAR,WR,10,162,1
82,Pierre Garcon,SF,WR,20,225,0
83,Taywan Taylor,TEN,WR,18,182,1
84,Danny Amendola,MIA,WR,24,210,0
85,Anthony Miller,CHI,WR,9,89,2
86,Kelvin Benjamin,BUF,WR,10,146,1
87,Martavis Bryant,OAK,WR,14,220,0
88,Chris Conley,KC,WR,12,98,2
89,Seth Roberts,OAK,WR,15,138,1
90,Tajae Sharpe,TEN,WR,9,121,1
91,Brandon Marshall,SEA,WR,11,136,1
92,John Ross,CIN,WR,7,79,2
93,Jaron Brown,SEA,WR,7,73,2
94,Zach Pascal,IND,WR,14,124,1
95,Adam Humphries,TB,WR,16,183,0
96,Trent Taylor,SF,WR,16,125,1
97,Jarius Wright,CAR,WR,13,120,1
98,Julian Edelman,NE,WR,11,111,1
99,Jordan Matthews,PHI,WR,6,107,1
100,Jermaine Kearse,NYJ,WR,16,165,0
101,Aldrick Robinson,MIN,WR,3,42,2
102,Marcus Johnson,IND,WR,6,102,1
103,Dante Pettis,SF,WR,3,96,1
104,Cameron Meredith,NO,WR,9,114,1
105,Bruce Ellington,HOU,WR,8,92,1
106,Chad Williams,ARI,WR,9,92,1
107,Allen Hurns,DAL,WR,8,84,1
108,Ryan Switzer,PIT,WR,13,67,1
109,Doug Baldwin,SEA,WR,12,133,0
110,James Washington,PIT,WR,5,49,1
111,Michael Gallup,DAL,WR,7,109,0
112,Cody Latimer,NYG,WR,6,108,0
113,Equanimeous St. Brown,GB,WR,4,108,0
114,Deonte Thompson,DAL,WR,12,103,0
115,Curtis Samuel,CAR,WR,2,37,1
116,De'Anthony Thomas,KC,WR,3,29,1
117,Demarcus Robinson,KC,WR,3,34,1
118,Josh Bellamy,CHI,WR,3,28,1
119,Damion Ratley,CLE,WR,6,82,0
120,Andre Holmes,BUF,WR,7,71,0
121,Chris Moore,BAL,WR,8,65,0
122,Josh Doctson,WAS,WR,8,68,0
123,D.J. Chark,JAX,WR,4,87,0
124,Maurice Harris,WAS,WR,6,60,0
125,Marvin Hall,ATL,WR,5,64,0
126,Austin Carr,NO,WR,5,62,0
127,Russell Shepard,NYG,WR,4,61,0
128,Derrick Willies,CLE,WR,3,61,0
129,Kamar Aiken,PHI,WR,6,53,0
130,Shelton Gibson,PHI,WR,1,48,0
131,Alex Erickson,CIN,WR,6,40,0
132,Josh Reynolds,LAR,WR,3,37,0
133,Daesean Hamilton,DEN,WR,3,44,0
134,Neal Sterling,NYJ,WR,5,40,0
135,Devante Parker,MIA,WR,2,40,0
136,Justin Hardy,ATL,WR,4,37,0
137,Tim Patrick,DEN,WR,2,32,0
138,Robert Foster,BUF,WR,2,30,0
139,JJ Nelson,ARI,WR,4,21,0
140,Vyncint Smith,HOU,WR,1,28,0
141,Jawill Davis,NYG,WR,2,27,0
142,Travis Benjamin,LAC,WR,2,3,0
143,Deandre Carter,PHI,WR,2,21,0
144,Darius Jennings,TEN,WR,3,19,0
145,Terrance Williams,DAL,WR,2,18,0
146,Brian Quick,WAS,WR,3,18,0
147,Dwayne Harris,OAK,WR,3,18,0
148,Tim White,BAL,WR,1,14,0
149,Khadarel Hodge,LAR,WR,1,14,0
150,Sammie Coates,HOU,WR,1,12,0
151,Josh Malone,CIN,WR,1,12,0
152,Rishard Matthews,TEN,WR,3,11,0
153,Justin Hardee,NO,WR,1,10,0
154,TJ Jones,DET,WR,2,10,0
155,J'mon Moore,GB,WR,1,10,0
156,Victor Bolden Jr.,SF,WR,1,10,0
157,Russell Gage,ATL,WR,1,9,0
158,Jeremy Kerley,BUF,WR,2,7,0
159,Marcus Kemp,KC,WR,1,7,0
160,Richie James,SF,WR,1,7,0
161,Justin Hunter,PIT,WR,1,6,0
162,Andre Roberts,NYJ,WR,1,4,0
163,Mike Wallace,PHI,WR,0,0,0
164,Markus Wheaton,PHI,WR,0,0,0
165,Deante Burton,GB,WR,0,0,0
166,Matthew Slater,NE,WR,0,0,0
167,Darrius Heyward-Bey,PIT,WR,0,0,0
168,Freddie Martino,TB,WR,0,0,0
169,Damiere Byrd,CAR,WR,0,0,0
170,Tommylee Lewis,NO,WR,0,0,0
171,Tanner McEvoy,MIA,WR,0,0,0
172,Jaydon Mickens,JAX,WR,0,0,0
173,Stacy Coley,NYG,WR,0,0,0
174,Brandon Zylstra,MIN,WR,0,0,0
175,Trey Quinn,WAS,WR,0,0,0
176,Trent Sherfield,ARI,WR,0,0,0
177,Cam Sims,WAS,WR,0,0,0
178,Janarion Grant,BAL,WR,0,0,0
179,Kevin White,CHI,WR,0,0,0
180,Robert Tonyan Jr.,GB,WR,0,0,0
181,Brandon LaFell,OAK,WR,0,0,0
182,Bradley Marquez,DET,WR,0,0,0
183,Pharoh Cooper,LAR,WR,0,0,0
184,Charone Peake,NYJ,WR,0,0,0
185,Mike Thomas,LAR,WR,0,0,0
186,Keon Hatcher,OAK,WR,0,0,0
187,Jehu Chesson,WAS,WR,0,0,0
188,Geremy Davis,LAC,WR,0,0,0
189,Jojo Natson,LAR,WR,0,0,0
190,Keenan Reynolds,SEA,WR,0,0,0
191,Daniel Brown,CHI,WR,0,0,0
192,Cody Core,CIN,WR,0,0,0
193,Dan Arnold,NO,WR,0,0,0
194,Justin Watson,TB,WR,0,0,0
195,Javon Wims,CHI,WR,0,0,0
196,Brice Butler,DAL,WR,0,0,0
197,Nick Williams,TEN,WR,0,0,0
198,Brandon Tate,NO,WR,0,0,0
199,Cayleb Jones,MIN,WR,0,0,0
200,Michael Floyd,WAS,WR,0,0,0
201,Cameron Batson,TEN,WR,0,0,0
202,Ray-Ray McCloud,BUF,WR,3,15,0
203,Rod Streater,CLE,WR,0,0,0
204,Kaelin Clay,NYG,WR,0,0,0
205,Riley McCarron,NE,WR,0,0,0
206,JJ Jones,LAC,WR,0,0,0
